{
	"devices": [
		{
			"brand": "iblinds",
			"model": "V3.1",
			"manufacturerId": "0x0287",
			"productType": "0x0004",
			"productId": "0x0072"
		}
	],
	"upgrades": [
		{
			"version": "3.12",
			"region": "usa",
			"changelog": "Current Spike Detection Large/Heavy Blind - In the previous version we added motor protection that stopped the motor when the max current was reached. Added a spike detection to prevent false-positive this keeps large/heavy blinds from stopping before the target location has been reached.\nDuration Interrupt – Corrected duration interrupt problem. If a set command is sent while the blind is still processing a set command with a duration value the motor will now cancel the current duration command and handle the new command.",
			"url": "https://support.myiblinds.com/wp-content/uploads/2021/09/iBlinds_v3.12_US.gbl",
			"integrity": "sha256:52206d165bc44f869ec18807a357a0efba15d68548250b2a992f676cade6686e"
		}
	]
}
