{
	"devices": [
		{
			"brand": "Jasco",
			"model": "ZW3012 / 56590",
			"manufacturerId": "0x0063",
			"productType": "0x4944",
			"productId": "0x3334"
		}
	],
	"upgrades": [
		{
			"version": "7.06",
			"changelog": "1. Original Release Firmware",
			"url": "https://raw.githubusercontent.com/jascoproducts/firmware/9b5520f5056f7d3fce3fa6adc28bdaf27f8d0a68/zwave/Jasco/ZW3012/56590%20-%20In-Wall%20Smart%20Paddle%20Dimmer%2C%20No%20Ntrl%2C%20700S/7.06/ZW3012_Jasco_56590_7.06.hex",
			"integrity": "sha256:89c551e1fb8ede34a96c62494bc74f05228b40741facc13e0ce8f5382e46e279"
		}
	]
}
