{
	"devices": [
		{
			"brand": "Jasco",
			"model": "ZW4005 / 14318",
			"manufacturerId": "0x0063",
			"productType": "0x4952",
			"productId": "0x3130"
		}
	],
	"upgrades": [
		{
			"version": "5.22",
			"changelog": "1. Fixed AGI issue\n2. Updated the devkit from 6.51.06 to 6.51.10",
			"url": "https://raw.githubusercontent.com/jascoproducts/firmware/9b5520f5056f7d3fce3fa6adc28bdaf27f8d0a68/zwave/Jasco/ZW4005/14318%20-%20In-Wall%20Smart%20Paddle%20Switch%2C%20500S/5.22/ZW4005_Jasco_14318_5.22.hex",
			"integrity": "sha256:a9bc6dee63554cb5e79c19889feb7a12e4f234ef711d5fd8641343e285d2ee73"
		},
		{
			"version": "5.24",
			"changelog": "1. Added parameter 19 for alternate exclusion",
			"url": "https://raw.githubusercontent.com/jascoproducts/firmware/9b5520f5056f7d3fce3fa6adc28bdaf27f8d0a68/zwave/Jasco/ZW4005/14318%20-%20In-Wall%20Smart%20Paddle%20Switch%2C%20500S/5.24/ZW4005_Jasco_14318_5.24.hex",
			"integrity": "sha256:6ce816facee8f4442436f16435a0282f6bac3cda2476b5e10b83491e626d511c"
		}
	]
}
