{
	"devices": [
		{
			"brand": "Jasco",
			"model": "ZW4103 / 28168",
			"manufacturerId": "0x0063",
			"productType": "0x5052",
			"productId": "0x3037"
		}
	],
	"upgrades": [
		{
			"version": "5.25",
			"changelog": "1. Fixed AGI issue\n2. Updated Devkit from 6.51.06 to 6.51.10\n3. Added parameter 19 for alternate exclusion",
			"url": "https://raw.githubusercontent.com/jascoproducts/firmware/9b5520f5056f7d3fce3fa6adc28bdaf27f8d0a68/zwave/Jasco/ZW4103/28168%20-%20Plug-in%201-Outlet%20Smart%20Switch%2C%20500S/5.25/ZW4103_Jasco_28168_5.25.hex",
			"integrity": "sha256:baa846cb12c165cb0339c0115be8270369117a832ca36713feacfa60c6ae56c0"
		}
	]
}
