{
	"devices": [
		{
			"brand": "Jasco",
			"model": "ZW4104 / 28172",
			"manufacturerId": "0x0063",
			"productType": "0x5052",
			"productId": "0x3039"
		}
	],
	"upgrades": [
		{
			"version": "5.22",
			"changelog": "1. Updated Devkit from 6.51.06 to 6.51.10",
			"url": "https://raw.githubusercontent.com/jascoproducts/firmware/9b5520f5056f7d3fce3fa6adc28bdaf27f8d0a68/zwave/Jasco/ZW4104/28172%20-%20Plug-in%202-Outlet%20Smart%20Switch%2C%201%20Controlled%2C%20500S/5.22/ZW4104_Jasco_28172_5.22.hex",
			"integrity": "sha256:c44499eb018d8310fc4968eee4b5f54a5bfe4bdbc4ff4deaa3c660b1f75d7efd"
		}
	]
}
