{
	"devices": [
		{
			"brand": "Jasco",
			"model": "ZW5307 / 37792",
			"manufacturerId": "0x0063",
			"productType": "0x4843",
			"productId": "0x3133"
		}
	],
	"upgrades": [
		{
			"version": "5.18",
			"changelog": "1. Original Release Firmware",
			"url": "https://raw.githubusercontent.com/jascoproducts/firmware/9b5520f5056f7d3fce3fa6adc28bdaf27f8d0a68/zwave/Jasco/ZW5307/37792%20-%20Portable%202-Button%20Remote%2C%20500S/5.18/ZW5307_Jasco_37792_5.18.otz",
			"integrity": "sha256:b46cacffe76ad20763178e440b1f2f15bac19fe14bf5065b8e1b3c2f0c38af2e"
		}
	]
}
