{
	"devices": [
		{
			"brand": "Zooz",
			"model": "ZAC36",
			"manufacturerId": "0x027a",
			"productType": "0x0101",
			"productId": "0x0036",
			"firmwareVersion": {
				"min": "2.0",
				"max": "2.255"
			}
		}
	],
	"upgrades": [
		{
			"version": "2.10.0",
			"region": "usa",
			"changelog": "* Includes firmware versions: 2.0, 2.10,\n* Fixed a bug: Temperature reporting frequency is now reporting correctly in minutes intervals set in parameter 45.",
			"url": "https://www.getzooz.com/firmware/ZAC36LR_V02R10.gbl",
			"integrity": "sha256:08afddeee935581be0cfdb277a40c950b348ae1d666ca7798bee991080a68f16"
		}
	]
}
