{
	"devices": [
		{
			"brand": "Zooz",
			"model": "ZEN17",
			"manufacturerId": "0x027a",
			"productType": "0x7000",
			"productId": "0xa00a",
			"firmwareVersion": {
				"min": "0.0",
				"max": "1.255"
			}
		}
	],
	"upgrades": [
		{
			"version": "1.40.2",
			"region": "usa",
			"changelog": "* Includes firmware versions: 1.0, 1.01, 1.02, 1.04, 1.10, 1.20, 1.30, 1.40\n* Fixed a bug with the auto turn-off timer for R1 and R2 whenever parameters 10 and 11 are changed from value 1 to 0. Parameters 2 and 3 values 0-10 were affected.",
			"url": "https://www.getzooz.com/firmware/ZEN17_V01R40.gbl",
			"integrity": "sha256:7082e069b6dfd0dedac2720d7e286ed175ebbcf015a5337c4bb1248edf66dda0"
		},
		{
			"version": "1.40.2",
			"region": "europe",
			"changelog": "* Includes firmware versions: 1.0, 1.01, 1.02, 1.04, 1.10, 1.20, 1.30, 1.40\n* Fixed a bug with the auto turn-off timer for R1 and R2 whenever parameters 10 and 11 are changed from value 1 to 0. Parameters 2 and 3 values 0-10 were affected.",
			"url": "https://www.getzooz.com/firmware/ZEN17_V01R40_EU.gbl",
			"integrity": "sha256:4ff073c2e97809a5ad532297ad97f5f9cf00790b7758ab5f4dc50dd42d558aa5"
		},
		{
			"version": "1.40.2",
			"region": "australia/new zealand",
			"changelog": "* Includes firmware versions: 1.0, 1.01, 1.02, 1.04, 1.10, 1.20, 1.30, 1.40\n* Fixed a bug with the auto turn-off timer for R1 and R2 whenever parameters 10 and 11 are changed from value 1 to 0. Parameters 2 and 3 values 0-10 were affected.",
			"url": "https://www.getzooz.com/firmware/ZEN17_V01R40_AU.gbl",
			"integrity": "sha256:55f6b199e349cfe876bcc00e5faa2453ca79e93b0eac1ce916c1e28448e4456a"
		}
	]
}
