{
	"devices": [
		{
			"brand": "Zooz",
			"model": "ZEN55",
			"manufacturerId": "0x027a",
			"productType": "0x0004",
			"productId": "0x0110",
			"firmwareVersion": {
				"min": "1.0",
				"max": "1.255"
			}
		}
	],
	"upgrades": [
		{
			"version": "1.40.0",
			"region": "usa",
			"changelog": "Includes firmware versions: 1.0, 1.20, 1.30, 1.40.\n* Updated parameter names and short descriptions in the Configuration Command Class for improved clarity and consistency.\n* Optimized Z-Wave reporting behavior: when Basic Set or Binary Set commands are sent from the Z-Wave controller (Lifeline), the device will no longer send redundant report or notification commands back to the controller.\n* Updated parameter 5 (Input Trigger) with two new values: 2 - Relay follows Smoke Notification only; 3 - Relay follows CO Notification only.",
			"url": "https://www.getzooz.com/firmware/ZEN55_V01R40.gbl",
			"integrity": "sha256:fb6228c5684afec51fac682d74e0992c71d0b9355871829d6d0c2f521f3fccc9"
		},
		{
			"version": "1.30.0",
			"region": "usa",
			"changelog": "Includes firmware versions: 1.0, 1.20, 1.30.\n* Addressed issues with the DC Signal Sensor occasionally showing offline or becoming unresponsive on select platforms.",
			"url": "https://www.getzooz.com/firmware/ZEN55_V01R30.gbl",
			"integrity": "sha256:502369192227a5ecdae4ef0c382e4a58568b70cc793bc745b992e28ca5d75652"
		}
	]
}
