{
	"devices": [
		{
			"brand": "Zooz",
			"model": "ZEN76",
			"manufacturerId": "0x027a",
			"productType": "0x7000",
			"productId": "0xa006",
			"firmwareVersion": {
				"min": "10.0",
				"max": "10.255"
			}
		}
	],
	"upgrades": [
		{
			"version": "10.30.1",
			"changelog": "Includes firmware versions: 10.0, 10.10, 10.20, 10.30.\n* Improved Direct Association Group 2 for the basic set on/off functionality.",
			"url": "https://www.getzooz.com/firmware/ZEN76_V10R30.gbl",
			"integrity": "sha256:8074f269a1ff5ac100e6af6306e34408aaca8b14e98bd960bf033f1414ce0ca1"
		},
		{
			"version": "10.20.1",
			"changelog": "Includes firmware versions: 10.0, 10.10, 10.20.\n* Fixed central scene bug for control of its own load in smart bulb mode.\n* Added parameter 18 to disable LED blinking when a setting is changed. See all settings here.\n* Changed the manual operation for disabling the relay (smart bulb mode).\n* Improved the factory reset procedure: The switch will not lock up if the factory reset is not successful in certain scenarios.",
			"url": "https://www.getzooz.com/firmware/ZEN76_V10R20.gbl",
			"integrity": "sha256:4780c7656fe7241810f8868b16e34c363e6e7dd99982dfc497483f2cd4dca06e"
		}
	]
}
