{
	"devices": [
		{
			"brand": "Zooz",
			"model": "ZEN77",
			"manufacturerId": "0x027a",
			"productType": "0x7000",
			"productId": "0xa007",
			"firmwareVersion": {
				"min": "4.0",
				"max": "4.255"
			}
		}
	],
	"upgrades": [
		{
			"version": "4.60.0",
			"region": "usa",
			"changelog": "Includes firmware versions: 4.10, 4.20, 4.30, 4.40, 4.50, 4.60.\n* Updated parameter names and short descriptions in the Configuration Command Class.\n* Added a new parameter 34: Basic Set Custom Brightness On.",
			"url": "https://www.getzooz.com/firmware/ZEN77_V04R60.gbl",
			"integrity": "sha256:b4b91fdc75e3ac08c4c01a53f9d795e3f2d12c11fd6f40678d51134c2c88c342"
		},
		{
			"version": "4.50.0",
			"region": "usa",
			"changelog": "Includes firmware versions: 4.10, 4.20, 4.30, 4.40, 4.50.\n* Fixed the Range Test Tool feature.\n* Added a new parameter 33: Convert the dimmer to a switch.",
			"url": "https://www.getzooz.com/firmware/ZEN77_V04R50.gbl",
			"integrity": "sha256:ff6ea11f5718ebe6fb8bac1a1183ebe15d70f059dac9a44b60a0b67f36ae8bb9"
		},
		{
			"version": "4.30.0",
			"region": "usa",
			"changelog": "Includes firmware versions: 4.10, 4.20, 4.30.\n* Improved Direct Association Group 3 for the multilevel set functionality.",
			"url": "https://www.getzooz.com/firmware/ZEN77_V04R30.gbl",
			"integrity": "sha256:56547dda70a62ca6f47d8d766ef9646db8b42189efe60d0239eb3c73b59fac8d"
		}
	]
}
