{
	"devices": [
		{
			"brand": "Zooz",
			"model": "ZEN72",
			"manufacturerId": "0x027a",
			"productType": "0x7000",
			"productId": "0xa002",
			"firmwareVersion": {
				"min": "3.0",
				"max": "3.255"
			}
		}
	],
	"upgrades": [
		{
			"version": "3.50.0",
			"region": "usa",
			"changelog": "Includes firmware versions: 3.0, 3.10, 3.20, 3.30, 3.40, 3.50.\n* Updated parameter names and short descriptions in the Configuration Command Class.\n* Added a new parameter 34: Basic Set Custom Brightness On.",
			"url": "https://www.getzooz.com/firmware/ZEN72_V03R50.gbl",
			"integrity": "sha256:248bc1f3ad70ba0767a9ce2e0f41438ac412736ccc43f99b3a6d50d43dac9992"
		},
		{
			"version": "3.40.0",
			"region": "usa",
			"changelog": "Includes firmware versions: 3.0, 3.10, 3.20, 3.30, 3.40.\n* Fixed the Range Test Tool feature.\n* Added a new parameter 33: Convert the dimmer to a switch.",
			"url": "https://www.getzooz.com/firmware/ZEN72_V03R40.gbl",
			"integrity": "sha256:b1c2c48d449749994d19610839ecc03987434baadba078aaab3df028e2965196"
		},
		{
			"version": "3.30.0",
			"region": "usa",
			"changelog": "Includes firmware versions: 3.0, 3.10, 3.20, 3.30.\n* Improved Direct Association Group 3 for the multilevel set functionality.",
			"url": "https://www.getzooz.com/firmware/ZEN72_V03R30.gbl",
			"integrity": "sha256:67610e8ba6fff5089b9d1bb42b7ca7515df6079909caf4cdd21889746c318feb"
		}
	]
}
