{
	"devices": [
		{
			"brand": "Zooz",
			"model": "ZSE44",
			"manufacturerId": "0x027a",
			"productType": "0x7000",
			"productId": "0xe004",
			"firmwareVersion": {
				"min": "2.0",
				"max": "2.255"
			}
		}
	],
	"upgrades": [
		{
			"version": "2.10.0",
			"region": "usa",
			"changelog": "* Includes firmware versions: 2.0, 2.10\n* Updated SDK from 7.19.3 to 7.22.1\n* Fixed an issue when ZSE44 would not always respond to the initial inclusion mode (3x clicks on the action button). Bug on SDK 7.19.3\n* Fixed an issue where ZSE44 will enter a sleep mode with a high sleep current. This could occasionally drain a battery faster than expected. Bug on SDK 7.19.3\n* Fixed a bug when ZSE44 could enter an automatic sleep mode during the initial interview of the device. The ZSE44 has to be manually woken up to finish an interview. Bug on SDK 7.19.3\n* Updated parameter names and short descriptions in the Configuration Command Class to match the Advanced Setting Article.",
			"url": "https://www.getzooz.com/firmware/ZSE44_V02R10_US.gbl",
			"integrity": "sha256:feea3518d5570cfa95fbf1521cd2b3d67fac2b9fbeb6e833e44354bf992ba482"
		},
		{
			"version": "2.10.0",
			"region": "europe",
			"changelog": "* Includes firmware versions: 2.0, 2.10\n* Updated SDK from 7.19.3 to 7.22.1\n* Fixed an issue when ZSE44 would not always respond to the initial inclusion mode (3x clicks on the action button). Bug on SDK 7.19.3\n* Fixed an issue where ZSE44 will enter a sleep mode with a high sleep current. This could occasionally drain a battery faster than expected. Bug on SDK 7.19.3\n* Fixed a bug when ZSE44 could enter an automatic sleep mode during the initial interview of the device. The ZSE44 has to be manually woken up to finish an interview. Bug on SDK 7.19.3\n* Updated parameter names and short descriptions in the Configuration Command Class to match the Advanced Setting Article.",
			"url": "https://www.getzooz.com/firmware/ZSE44_V02R10_EU.gbl",
			"integrity": "sha256:35bbe36e9fe4e18880909d6176cb9bd54342b52be55e0c4016a79a28be743589"
		}
	]
}
