{
	"devices": [
		{
			"brand": "Zooz",
			"model": "ZSE42",
			"manufacturerId": "0x027a",
			"productType": "0x7000",
			"productId": "0xe002",
			"firmwareVersion": {
				"min": "0.0",
				"max": "1.255"
			}
		}
	],
	"upgrades": [
		{
			"version": "1.50.1",
			"region": "usa",
			"changelog": "* Includes firmware versions: 1.10, 1.20, 1.30, 1.40, 1.50\n* Data packets changed to 5-byte to help address inclusion, range or secure inclusion issues.\n* Fixed Bug: Issues with battery status display when added using S2 authenticated security on select platforms.",
			"url": "https://www.getzooz.com/firmware/ZSE42_V01R50_US.gbl",
			"integrity": "sha256:67f6a629a35b212e0156c7cff89a3816a87168adb9da22fd6507e9da7b2799ff"
		},
		{
			"version": "1.50.1",
			"region": "europe",
			"changelog": "* Includes firmware versions: 1.10, 1.20, 1.30, 1.40, 1.50\n* Data packets changed to 5-byte to help address inclusion, range or secure inclusion issues.\n* Fixed Bug: Issues with battery status display when added using S2 authenticated security on select platforms.",
			"url": "https://www.getzooz.com/firmware/ZSE42_V01R50_EU.gbl",
			"integrity": "sha256:fa0e861c3ee89ee7abfda01083dd7de9b3dddb689819835f96ccdf2e431dfe06"
		},
		{
			"version": "1.50.1",
			"region": "australia/new zealand",
			"changelog": "* Includes firmware versions: 1.10, 1.20, 1.30, 1.40, 1.50\n* Data packets changed to 5-byte to help address inclusion, range or secure inclusion issues.\n* Fixed Bug: Issues with battery status display when added using S2 authenticated security on select platforms.",
			"url": "https://www.getzooz.com/firmware/ZSE42_V01R50_AU.gbl",
			"integrity": "sha256:0fe54ff2b8ac04f489baf74a65fcce6189083b67a3fa3ebec7bf7df8ff5fee70"
		}
	]
}
