{
	"devices": [
		{
			"brand": "Enbrighten-GE",
			"model": "ZW3106 / 28175",
			"manufacturerId": "0x0063",
			"productType": "0x5044",
			"productId": "0x3132"
		}
	],
	"upgrades": [
		{
			"version": "5.23",
			"changelog": "1. Original Release Firmware",
			"url": "https://raw.githubusercontent.com/jascoproducts/firmware/9b5520f5056f7d3fce3fa6adc28bdaf27f8d0a68/zwave/Enbrighten-GE/ZW3106/28175%20-%20Plug-in%202-Outlet%20Smart%20Dimmer%20with%20USB%2C%20500S/5.23/ZW3106_Enbrighten-GE_28175_5.23.hex",
			"integrity": "sha256:c671d5af6f2377f997f70e6b0b93d52464dbe48e815f5a66dcc9ed902352d835"
		}
	]
}
