{
	"devices": [
		{
			"brand": "Enbrighten-GE",
			"model": "ZW4009 / 14293",
			"manufacturerId": "0x0063",
			"productType": "0x4952",
			"productId": "0x3038"
		}
	],
	"upgrades": [
		{
			"version": "5.53",
			"changelog": "1. Original Release Firmware",
			"url": "https://raw.githubusercontent.com/jascoproducts/firmware/9b5520f5056f7d3fce3fa6adc28bdaf27f8d0a68/zwave/Enbrighten-GE/ZW4009/14293%20-%20In-Wall%20Smart%20Toggle%20Switch%2C%20Lt%20Almd%2C%20Quick-fit%20Simple%20Wire%2C%20500S/5.53/ZW4009_Enbrighten-GE_14293_5.53.otz",
			"integrity": "sha256:d2818cf75fa01d13b2b2350e16edfb19f911139dd27383affd5518ddd8c94542"
		},
		{
			"version": "5.54",
			"changelog": "1. Modify the feature for ON button",
			"url": "https://raw.githubusercontent.com/jascoproducts/firmware/9b5520f5056f7d3fce3fa6adc28bdaf27f8d0a68/zwave/Enbrighten-GE/ZW4009/14293%20-%20In-Wall%20Smart%20Toggle%20Switch%2C%20Lt%20Almd%2C%20Quick-fit%20Simple%20Wire%2C%20500S/5.54/ZW4009_Enbrighten-GE_14293_5.54.otz",
			"integrity": "sha256:aa7529c8d64984b23b4dd8fea579157fda0278e66f9b4fbf540974e713bc4b0d"
		}
	]
}
