{
	"devices": [
		{
			"brand": "Enbrighten-GE",
			"model": "ZW4005 / 14291",
			"manufacturerId": "0x0063",
			"productType": "0x4952",
			"productId": "0x3036"
		}
	],
	"upgrades": [
		{
			"version": "5.22",
			"changelog": "1. Fixed AGI issue\n2. Updated the Devkit from 6.51.06 to 6.51.10",
			"url": "https://raw.githubusercontent.com/jascoproducts/firmware/9b5520f5056f7d3fce3fa6adc28bdaf27f8d0a68/zwave/Enbrighten-GE/ZW4005/14291%20-%20In-Wall%20Smart%20Paddle%20Switch%2C%20500S/5.22/ZW4005_Enbrighten-GE_14291_5.22.hex",
			"integrity": "sha256:ed04e1387c1d7a1dc5d39cef68869eac518276f1e88ea15dc0b344cf18a179a6"
		},
		{
			"version": "5.24",
			"changelog": "1. Added parameter 19 for alternate exclusion",
			"url": "https://raw.githubusercontent.com/jascoproducts/firmware/9b5520f5056f7d3fce3fa6adc28bdaf27f8d0a68/zwave/Enbrighten-GE/ZW4005/14291%20-%20In-Wall%20Smart%20Paddle%20Switch%2C%20500S/5.24/ZW4005_Enbrighten-GE_14291_5.24.hex",
			"integrity": "sha256:bc5831faeba875db0834f7f27ce726bfd3a0a55d1e2023f4c62d4116e403dfa5"
		}
	]
}
