{
	"devices": [
		{
			"brand": "Enbrighten-GE",
			"model": "ZW4106 / 14282",
			"manufacturerId": "0x0063",
			"productType": "0x5052",
			"productId": "0x3033"
		}
	],
	"upgrades": [
		{
			"version": "5.22",
			"changelog": "1. Updated the devkit from 6.51.06 to 6.51.10",
			"url": "https://raw.githubusercontent.com/jascoproducts/firmware/9b5520f5056f7d3fce3fa6adc28bdaf27f8d0a68/zwave/Enbrighten-GE/ZW4106/14282%20-%20Plug-in%202-Outlet%20Smart%20Switch%2C%20Simultaneous%2C%20500S/5.22/ZW4106_Enbrighten-GE_14282_5.22.hex",
			"integrity": "sha256:78fa4b1321c33a6fc36e3a9412ad26aa82b067365e6d5703b43aeb1c6f08c051"
		}
	]
}
