{
	"devices": [
		{
			"brand": "Enbrighten-GE",
			"model": "ZW4203 / 14298",
			"manufacturerId": "0x0063",
			"productType": "0x4f50",
			"productId": "0x3034"
		}
	],
	"upgrades": [
		{
			"version": "5.52",
			"changelog": "1. Original Release Firmware",
			"url": "https://raw.githubusercontent.com/jascoproducts/firmware/074dc4296b248aecefedeb61ec2717c86791ae71/zwave/Enbrighten-GE/ZW4203/14298%20-%20Plug-in%20Outdoor%20Switch%20V2%2C%20500S/5.52/ZW4203_Enbrighten-GE_14298_5.52.otz",
			"integrity": "sha256:032fcc96591e0d69b5ed3815e6b803aec25ed3a47be00e26ee05a7d46f221444"
		}
	]
}
