{
	"devices": [
		{
			"brand": "Enbrighten-GE",
			"model": "ZW4201 / 14284",
			"manufacturerId": "0x0063",
			"productType": "0x4f50",
			"productId": "0x3032"
		}
	],
	"upgrades": [
		{
			"version": "5.21",
			"changelog": "1. Updated the devkit from 6.51.06 to 6.51.10",
			"url": "https://raw.githubusercontent.com/jascoproducts/firmware/9b5520f5056f7d3fce3fa6adc28bdaf27f8d0a68/zwave/Enbrighten-GE/ZW4201/14284%20-%20Plug-in%20Outdoor%20Smart%20Switch%2C%20500S/5.21/ZW4201_Enbrighten-GE_14284_5.21.hex",
			"integrity": "sha256:5fc9d73cf89332e21d942147a03ada3c7da6b9a2094b70fe87ad1f78274ee645"
		}
	]
}
