{
	"devices": [
		{
			"brand": "Enbrighten-GE",
			"model": "ZW5306 / 34176",
			"manufacturerId": "0x0063",
			"productType": "0x4843",
			"productId": "0x3035"
		}
	],
	"upgrades": [
		{
			"version": "5.11",
			"changelog": "1. Original Release Firmware",
			"url": "https://raw.githubusercontent.com/jascoproducts/firmware/9b5520f5056f7d3fce3fa6adc28bdaf27f8d0a68/zwave/Enbrighten-GE/ZW5306/34176%20-%20Portable%204-Scene%20Controller%2C%20500S/5.11/ZW5306_Enbrighten-GE_34176_5.11.hex",
			"integrity": "sha256:28be22038738c1cfd2814040b28cc82152de6782ee562fb3bcb9b28793aca303"
		}
	]
}
