{
  "openapi": "3.0.0",
  "info": {
    "title": "Stock Trading Simulator API",
    "description": "A REST API for the Stock Trading Simulator",
    "version": "0.0.0"
  },
  "servers": [
    {
      "url": "http://0.0.0.0:3010"
    }
  ],
  "paths": {
    "/api/auth/signup": {
      "post": {
        "tags": [
          "Authentication"
        ],
        "description": "",
        "responses": {
          "200": {
            "description": "OK"
          },
          "400": {
            "description": "Bad Request"
          },
          "500": {
            "description": "Internal Server Error"
          }
        },
        "requestBody": {
          "content": {
            "application/json": {
              "schema": {
                "type": "object",
                "properties": {
                  "username": {
                    "example": "any"
                  },
                  "password": {
                    "example": "any"
                  }
                }
              }
            }
          }
        }
      }
    },
    "/api/auth/login": {
      "post": {
        "tags": [
          "Authentication"
        ],
        "description": "",
        "responses": {
          "200": {
            "description": "OK"
          },
          "400": {
            "description": "Bad Request"
          },
          "401": {
            "description": "Unauthorized"
          },
          "404": {
            "description": "Not Found"
          },
          "500": {
            "description": "Internal Server Error"
          }
        },
        "requestBody": {
          "content": {
            "application/json": {
              "schema": {
                "type": "object",
                "properties": {
                  "username": {
                    "example": "any"
                  },
                  "password": {
                    "example": "any"
                  }
                }
              }
            }
          }
        }
      }
    },
    "/api/user/ledger": {
      "get": {
        "tags": [
          "User Data"
        ],
        "description": "",
        "responses": {
          "200": {
            "description": "OK"
          },
          "401": {
            "description": "Unauthorized"
          },
          "403": {
            "description": "Forbidden"
          },
          "500": {
            "description": "Internal Server Error"
          }
        },
        "security": [
          {
            "bearerAuth": []
          }
        ]
      }
    },
    "/api/user/holdings": {
      "get": {
        "tags": [
          "User Data"
        ],
        "description": "",
        "responses": {
          "200": {
            "description": "OK"
          },
          "401": {
            "description": "Unauthorized"
          },
          "403": {
            "description": "Forbidden"
          },
          "500": {
            "description": "Internal Server Error"
          }
        },
        "security": [
          {
            "bearerAuth": []
          }
        ]
      }
    },
    "/api/user/portfolio": {
      "get": {
        "tags": [
          "User Data"
        ],
        "description": "",
        "responses": {
          "200": {
            "description": "OK"
          },
          "401": {
            "description": "Unauthorized"
          },
          "403": {
            "description": "Forbidden"
          },
          "500": {
            "description": "Internal Server Error"
          }
        },
        "security": [
          {
            "bearerAuth": []
          }
        ]
      }
    },
    "/api/user/leaderboard": {
      "get": {
        "tags": [
          "Leaderboard"
        ],
        "description": "",
        "responses": {
          "200": {
            "description": "OK"
          },
          "500": {
            "description": "Internal Server Error"
          }
        }
      }
    },
    "/api/user/watchlist": {
      "get": {
        "tags": [
          "User Watchlist"
        ],
        "description": "",
        "responses": {
          "200": {
            "description": "OK"
          },
          "401": {
            "description": "Unauthorized"
          },
          "403": {
            "description": "Forbidden"
          },
          "500": {
            "description": "Internal Server Error"
          }
        },
        "security": [
          {
            "bearerAuth": []
          }
        ]
      }
    },
    "/api/user/watchlist/add/{symbol}": {
      "post": {
        "tags": [
          "User Watchlist"
        ],
        "description": "",
        "parameters": [
          {
            "name": "symbol",
            "in": "path",
            "required": true,
            "schema": {
              "type": "string"
            }
          }
        ],
        "responses": {
          "200": {
            "description": "OK"
          },
          "400": {
            "description": "Bad Request"
          },
          "401": {
            "description": "Unauthorized"
          },
          "403": {
            "description": "Forbidden"
          },
          "500": {
            "description": "Internal Server Error"
          }
        },
        "security": [
          {
            "bearerAuth": []
          }
        ],
        "requestBody": {
          "content": {
            "application/json": {
              "schema": {
                "type": "object",
                "properties": {
                  "userId": {
                    "example": "any"
                  }
                }
              }
            }
          }
        }
      }
    },
    "/api/user/watchlist/remove/{symbol}": {
      "post": {
        "tags": [
          "User Watchlist"
        ],
        "description": "",
        "parameters": [
          {
            "name": "symbol",
            "in": "path",
            "required": true,
            "schema": {
              "type": "string"
            }
          }
        ],
        "responses": {
          "200": {
            "description": "OK"
          },
          "400": {
            "description": "Bad Request"
          },
          "401": {
            "description": "Unauthorized"
          },
          "403": {
            "description": "Forbidden"
          },
          "500": {
            "description": "Internal Server Error"
          }
        },
        "security": [
          {
            "bearerAuth": []
          }
        ],
        "requestBody": {
          "content": {
            "application/json": {
              "schema": {
                "type": "object",
                "properties": {
                  "userId": {
                    "example": "any"
                  }
                }
              }
            }
          }
        }
      }
    },
    "/api/stocks/search/{query}": {
      "get": {
        "tags": [
          "Stock Data"
        ],
        "description": "",
        "parameters": [
          {
            "name": "query",
            "in": "path",
            "required": true,
            "schema": {
              "type": "string"
            }
          }
        ],
        "responses": {
          "200": {
            "description": "OK"
          },
          "400": {
            "description": "Bad Request"
          },
          "500": {
            "description": "Internal Server Error"
          }
        }
      }
    },
    "/api/stocks/{symbol}/info": {
      "get": {
        "tags": [
          "Stock Data"
        ],
        "description": "",
        "parameters": [
          {
            "name": "symbol",
            "in": "path",
            "required": true,
            "schema": {
              "type": "string"
            }
          }
        ],
        "responses": {
          "200": {
            "description": "OK"
          }
        }
      }
    },
    "/api/stocks/{symbol}/historical": {
      "get": {
        "tags": [
          "Stock Data"
        ],
        "description": "",
        "parameters": [
          {
            "name": "symbol",
            "in": "path",
            "required": true,
            "schema": {
              "type": "string"
            }
          },
          {
            "name": "period",
            "in": "query",
            "schema": {
              "type": "string"
            }
          }
        ],
        "responses": {
          "200": {
            "description": "OK"
          },
          "500": {
            "description": "Internal Server Error"
          }
        }
      }
    },
    "/api/stocks/{symbol}/buy": {
      "post": {
        "tags": [
          "Stock Transaction"
        ],
        "description": "",
        "parameters": [
          {
            "name": "symbol",
            "in": "path",
            "required": true,
            "schema": {
              "type": "string"
            }
          }
        ],
        "responses": {
          "200": {
            "description": "OK"
          },
          "400": {
            "description": "Bad Request"
          },
          "401": {
            "description": "Unauthorized"
          },
          "403": {
            "description": "Forbidden"
          },
          "500": {
            "description": "Internal Server Error"
          }
        },
        "security": [
          {
            "bearerAuth": []
          }
        ],
        "requestBody": {
          "content": {
            "application/json": {
              "schema": {
                "type": "object",
                "properties": {
                  "userId": {
                    "example": "any"
                  },
                  "quantity": {
                    "example": "any"
                  }
                }
              }
            }
          }
        }
      }
    },
    "/api/stocks/{symbol}/sell": {
      "post": {
        "tags": [
          "Stock Transaction"
        ],
        "description": "",
        "parameters": [
          {
            "name": "symbol",
            "in": "path",
            "required": true,
            "schema": {
              "type": "string"
            }
          }
        ],
        "responses": {
          "200": {
            "description": "OK"
          },
          "400": {
            "description": "Bad Request"
          },
          "401": {
            "description": "Unauthorized"
          },
          "403": {
            "description": "Forbidden"
          },
          "500": {
            "description": "Internal Server Error"
          }
        },
        "security": [
          {
            "bearerAuth": []
          }
        ],
        "requestBody": {
          "content": {
            "application/json": {
              "schema": {
                "type": "object",
                "properties": {
                  "userId": {
                    "example": "any"
                  },
                  "quantity": {
                    "example": "any"
                  }
                }
              }
            }
          }
        }
      }
    },
    "/api/news": {
      "get": {
        "tags": [
          "News"
        ],
        "description": "",
        "responses": {
          "200": {
            "description": "OK"
          },
          "500": {
            "description": "Internal Server Error"
          }
        }
      }
    },
    "/api/news/{symbol}": {
      "get": {
        "tags": [
          "News"
        ],
        "description": "",
        "parameters": [
          {
            "name": "symbol",
            "in": "path",
            "required": true,
            "schema": {
              "type": "string"
            }
          }
        ],
        "responses": {
          "200": {
            "description": "OK"
          },
          "500": {
            "description": "Internal Server Error"
          }
        }
      }
    }
  },
  "components": {
    "securitySchemes": {
      "bearerAuth": {
        "type": "http",
        "scheme": "bearer",
        "bearerFormat": "JWT"
      }
    }
  }
}