{
	"devices": [
		{
			"brand": "Qubino",
			"model": "3 Phase Smart Meter",
			"manufacturerId": "0x0159",
			"productType": "0x0007",
			"productId": "0x0054",
			"firmwareVersion": {
				"min": "0.0",
				"max": "255.255"
			}
		}
	],
	"upgrades": [
		{
			"version": "50.6",
			"changelog": "## [50.06 - 02.02] - [2021-01-07]\n- fixed output check when Set is sent for endpoint 5\n- corrected measuring chip version to display 02.02\n- fixed supervision & switch reports when any relay enabled and commands are CRC16 encapsulated\n- fixed reporting on time interval for other values (parameter 43)\n- other minor fixes and improvements\n\n## [50.00 - 02.02] - [2020-11-13]\n- removed S0 security command class\n- updated PN from ZMNHXD1 H1S1P2 to ZMNHXD1 H1S5P2\n- other minor fixes and improvements\n\n## [41.20 - 02.02] - [2020-08-25]\n- fixed meter report when receiving Meter Get command CRC16 encapsulated\n- changed version format\n\n## [04.11 - 02.02] - [2020-04-24]\n- fixed reports from endpoint 5\n- fixed bug when both endpoints control the same relay\n- fixed association group command list get report for endpoint 5 and 6\n- fixed basic and switch binary version report when any relay is enabled\n- fixed LED behaviour when relay are ON and OFF\n- fixed relay reports when only one is enabled\n- changed minimum allowed value of parameters 42 and 43 \"Time reporting interval\" from 600 seconds to 30 seconds\n- other minor fixes and improvements",
			"region": "europe",
			"files": [
				{
					"url": "https://github.com/QubinoHelp/Shelly_Wave_FW_OTA/raw/ab1c512e0c977d06d3b8ce794e442536679948e3/Qubino/3_Phase_Smart_Meter/QUBINO_SmartMeter3PhaseS2_500_EU_20210107_1206_ZMNHXD1%20H1S5P2_%5Bv50.06%5D_3A4EAC8C.otz",
					"integrity": "sha256:6977dd4ca018f4eea7446dc7828ffc901daf623eb2b8bd8a7df7ebabeda3e195"
				}
			]
		}
	]
}
