{
	"devices": [
		{
			"brand": "Shelly Qubino",
			"model": "Wave i4 DC",
			"manufacturerId": "0x0460",
			"productType": "0x0009",
			"productId": "0x0082",
			"firmwareVersion": {
				"min": "0.0",
				"max": "255.255"
			}
		}
	],
	"upgrades": [
		{
			"version": "11.5",
			"changelog": "- Binary switch report at boot up\n- Parameters 1 - 4 value 1 fixed",
			"region": "europe",
			"files": [
				{
					"url": "https://github.com/QubinoHelp/Shelly_Wave_FW_OTA/raw/d3c93f6c456ab635e40b1c03197060ccb1fcd8ba/Wave_i4_DC/EU/Wave_i4_DC_800_EU_20240523_1558_QNSN-0D24XEU_%5B11.05%5D_9DD2F96C%20(1).gbl",
					"integrity": "sha256:7376ef6f758e89b68b04d5d6713407eb4bd3e9d6c8b33db6f8b67c7bea37dd92"
				}
			]
		}
	]
}
