{
	"devices": [
		{
			"brand": "Shelly Qubino",
			"model": "Wave 2PM",
			"manufacturerId": "0x0460",
			"productType": "0x0002",
			"productId": "0x0081",
			"firmwareVersion": {
				"min": "0.0",
				"max": "255.255"
			}
		}
	],
	"upgrades": [
		{
			"version": "15.0",
			"changelog": "- Fix switch binary report when powered with DC\n- Fix Endpoint 2 report state change on single channel association\n- Fix supervision report for root command\n- Removed parameters no. 91, 92, 93, 94 from the FW\n- Other minor improvements",
			"region": "europe",
			"files": [
				{
					"url": "https://raw.githubusercontent.com/QubinoHelp/Shelly_Wave_FW_OTA/252a13274ea5340532d149063933f907c701bee6/Wave_2PM/EU/Wave_2PM_800_EU_20250508_0951_QNSW-002P16EU_%5B15.00%5D_9DD2F96C.gbl",
					"integrity": "sha256:8d9f12e23f8a385959e26dafdfdd31c7ddc8a1b9a40a38fbbffb59dc7588c921"
				}
			]
		},
		{
			"version": "10.30",
			"changelog": "- Removed delay from input detection to output response\n- Fix Binary Switch report after auto off",
			"region": "europe",
			"files": [
				{
					"url": "https://raw.githubusercontent.com/QubinoHelp/Shelly_Wave_FW_OTA/01a5da2e65b62dcc10406bdb584ebc9970c03c38/Wave_2PM/EU/QUBINO_Wave2PM_800_EU_20231213_1356_QNSW-002P16EU_%5B10.30%5D_EB201890.gbl",
					"integrity": "sha256:1cf4865c47749441f8e165c4aa1c61f19a622235d2b072a9c5b89aaa4114eeb3"
				}
			]
		},
		{
			"version": "10.35",
			"changelog": "- Removed delay from input detection to output response\n- Fix Binary Switch report after auto off",
			"region": "australia/new zealand",
			"files": [
				{
					"url": "https://github.com/QubinoHelp/Shelly_Wave_FW_OTA/raw/4a61945a9ded6249d794ae32aeb9d0bd5ccaf035/Wave_2PM/ANZ/Wave_2PM_800_ANZ_20240328_1149_QNSW-002P16AU_%5Bv10.35%5D_2144DF1C.gbl",
					"integrity": "sha256:98f48670f3605e3b288ccaef6dda48e3b5dd0858e78a9dece91b9912811383f2"
				}
			]
		}
	]
}
