{
	"devices": [
		{
			"brand": "Shelly Qubino",
			"model": "Wave Pro 1PM",
			"manufacturerId": "0x0460",
			"productType": "0x0002",
			"productId": "0x008b",
			"firmwareVersion": {
				"min": "0.0",
				"max": "255.255"
			}
		}
	],
	"upgrades": [
		{
			"version": "11.3",
			"changelog": "- minor improvements",
			"region": "europe",
			"files": [
				{
					"url": "https://github.com/QubinoHelp/Shelly_Wave_FW_OTA/raw/d3c93f6c456ab635e40b1c03197060ccb1fcd8ba/Wave_Pro_1PM/EU/Wave_PRO1PM_800_EU_20240610_1404_QPSW-0A1P16EU_%5Bv11.03%5D_2144DF1C.gbl",
					"integrity": "sha256:f984a782e59124d802d16e11545fb0e5ca7d17b94da6b415d0c693f1aefaf0dc"
				}
			]
		}
	]
}
