{
    "actorSpecification": 1,
    "name": "zoot-scraper",
    "title": "Zoot Scraper",
    "description": "This actor extracts product data from Zoot.",
    "version": "0.0",
    "meta": {
        "templateId": "ts-crawlee-cheerio"
    },
    "input": "./input_schema.json",
    "dockerfile": "./Dockerfile",
    "storages": {
        "dataset": {
            "actorSpecification": 1,
            "views": {
                "overview": {
                    "title": "Overview",
                    "transformation": {
                        "fields": [
                            "thumbnail",
                            "name",
                            "brand.link",
                            "currentBestPrice.value",
                            "priceCurrency",
                            "sizes",
                            "attributes",
                            "available",
                            "url"
                        ],
                        "flatten": [
                            "brand",
                            "currentBestPrice"
                        ]
                    },
                    "display": {
                        "component": "table",
                        "properties": {
                            "thumbnail": {
                                "format": "image"
                            },
                            "brand.link": {
                                "label": "Brand",
                                "format": "link"
                            },
                            "currentBestPrice.value": {
                                "label": "Current best price",
                                "format": "number"
                            },
                            "priceCurrency": {
                                "label": "Currency"
                            },
                            "url": {
                                "label": "URL",
                                "format": "link"
                            }
                        }
                    }
                }
            }
        }
    }
}