{
	"devices": [
		{
			"brand": "Aeotec",
			"model": "ZW111-C", //Nano Dimmer EU
			"manufacturerId": "0x0086",
			"productType": "0x0003", //EU
			"productId": "0x006f",
		}
	],
	"upgrades": [ //firmware 2.04
		{
			"$if": "firmwareVersion >= 1.0 && firmwareVersion < 2.4",
			"version": "2.4",
			"channel": "stable",
			"changelog": "When using Action Button to factory reset (long press 20 seconds), all parameters (including parameter 120, 121, 128, 129, 130, 131, 132) will be reset to factory default settings.",
			"files": [
				{
					"target": 0,
					"url": "https://aeotec.freshdesk.com/helpdesk/attachments/6189873103",
					"integrity": "sha256:aba71a9c6f2065b8fc5e683b81ebeea7cfbb1f66342be969d48eb5b671479b7e"
				}
			]
		}
	]
}