{
	"devices": [
		{
			"brand": "Aeotec",
			"model": "ZW111-B", //Nano Dimmer AU
			"manufacturerId": "0x0086",
			"productType": "0x0203", //AU
			"productId": "0x006f",
		}
	],
	"upgrades": [ //firmware 2.04
		{
			"$if": "firmwareVersion >= 1.0 && firmwareVersion < 2.4",
			"version": "2.4",
			"channel": "stable",
			"changelog": "When using Action Button to factory reset (long press 20 seconds), all parameters (including parameter 120, 121, 128, 129, 130, 131, 132) will be reset to factory default settings.",
			"files": [
				{
					"target": 0,
					"url": "https://aeotec.freshdesk.com/helpdesk/attachments/6189873102",
					"integrity": "sha256:1f61ed2a3d4e9fbb7d7a8f96bb7760bd0eee692af6384ecdd2869d82f1eae190"
				}
			]
		}
	]
}