{
	"devices": [
		{
			"brand": "Aeotec",
			"model": "ZW189-C",
			"manufacturerId": "0x0371",
			"productType": "0x0004", //EU
			"productId": "0x00bd"
		}
	],
	"upgrades": [
		{
			"$if": "firmwareVersion >= 1.0 && firmwareVersion < 1.5",
			"version": "1.5",
			"channel": "stable",
			//"region": "europe",
			"changelog": "Bug Fixes:\n* Resolves issue with series 300 controllers\n* Resolves Indicator CC command issues\n* Updates SDK to 7.15\n* Resolves issue when re-powered too quickly",
			"files": [
				{
					"target": 0,
					"url": "https://aeotec.freshdesk.com/helpdesk/attachments/6139036581",
					"integrity": "sha256:2a31808d7ed17671dda028c4cb7e24516a4351149aa38024d9a76b9828bd5047"
				}
			]
		}
	]
}
