{
	"devices": [
		{
			"brand": "Aeotec",
			"model": "ZW189-B",
			"manufacturerId": "0x0371",
			"productType": "0x0204", //AU
			"productId": "0x00bd"
		}
	],
	"upgrades": [
		{
			"$if": "firmwareVersion >= 1.0 && firmwareVersion < 1.5",
			"version": "1.5",
			"channel": "stable",
			//"region": "australia/new zealand",
			"changelog": "Bug Fixes:\n* Resolves issue with series 300 controllers\n* Resolves Indicator CC command issues\n* Updates SDK to 7.15\n* Resolves issue when re-powered too quickly",
			"files": [
				{
					"target": 0,
					"url": "https://aeotec.freshdesk.com/helpdesk/attachments/6139069735",
					"integrity": "sha256:e015b807001874710e28fb2508a4bf0b7d5944dc6d627485c2bbf48c2576590a"
				}
			]
		}
	]
}
