{
	"devices": [
		{
			"brand": "Aeotec",
			"model": "ZW187-B",
			"manufacturerId": "0x0371",
			"productType": "0x0202", //AU
			"productId": "0x00bb"
		}
	],
	"upgrades": [
		{
			"$if": "firmwareVersion >= 1.0 && firmwareVersion < 1.6.1",
			"version": "1.6.1",
			"channel": "stable",
			//"region": "australia/new zealand",
			"changelog": "Bug Fixes:\n* Resolves issue where sensor does not go to sleep causing battery drain.",
			"files": [
				{
					"target": 0,
					"url": "https://aeotec.freshdesk.com/helpdesk/attachments/6193183393",
					"integrity": "sha256:7a76ea4c696e854f94cbeb7232195ce1c23f818c90b64045270011b9d5364ec4"
				}
			]
		}
	]
}
