{
	"devices": [
		{
			"brand": "Aeotec",
			"model": "ZW187-A",
			"manufacturerId": "0x0371",
			"productType": "0x0102", //US
			"productId": "0x00bb"
		}
	],
	"upgrades": [
		{
			"$if": "firmwareVersion >= 1.0 && firmwareVersion < 1.6.1",
			"version": "1.6.1",
			"channel": "stable",
			//"region": "usa",
			"changelog": "Bug Fixes:\n* Resolves issue where sensor does not go to sleep causing battery drain.",
			"files": [
				{
					"target": 0,
					"url": "https://aeotec.freshdesk.com/helpdesk/attachments/6193170603",
					"integrity": "sha256:88b24d7d16849ad43b36b1648f83d8c0999a8663d0b27c948d1836cf9a0e0630"
				}
			]
		}
	]
}
