{
	"devices": [
		{
			"brand": "Aeotec",
			"model": "ZWA038",
			"manufacturerId": "0x0371",
			"productType": "0x0103", //US
			"productId": "0x0026"
		}
	],
	"upgrades": [
		{
			"$if": "firmwareVersion >= 1.0 && firmwareVersion < 1.5",
			"version": "1.5",
			"channel": "stable",
			//"region": "usa",
			"changelog": "Bug Fixes:\n* Fixes manual factory rest freeze\n* Adds additional LED states to Parameter 83\n* Adds parameter lock (Parameter 252)",
			"files": [
				{
					"target": 0,
					"url": "https://aeotec.freshdesk.com/helpdesk/attachments/6149405392",
					"integrity": "sha256:1b9941e63a3a32281383221fd58843c0dc105a2b8f4e655a86a6b85f3259542d"
				}
			]
		}
	]
}
