{
	"devices": [
		{
			"brand": "Aeotec",
			"model": "ZWA005-B",
			"manufacturerId": "0x0371",
			"productType": "0x0202", //AU
			"productId": "0x0005"
		}
	],
	"upgrades": [ //firmware V2.00 to V2.20
		{
			"$if": "firmwareVersion >= 2.00 && firmwareVersion < 2.21",
			"version": "2.21",
			"channel": "stable",
			"changelog": "Bug Fixes:\n* Resolved random white LED flash when re-powering\n* Fixes lux reporting 0\n* Fixes sensor crash\n* Changes Parameter 100 coefficient for calibration\n* Adjusts battery calibration used for factory production",
			"files": [
				{
					"target": 0,
					"url": "https://aeotec.freshdesk.com/helpdesk/attachments/6182788804",
					"integrity": "sha256:40c969b9ebf09f298970700c32ff959026f35fe7b453f0b9f3df7ae01e5343dc"
				}
			]
		}
	]
}
