{
	"devices": [
		{
			"brand": "Aeotec",
			"model": "ZWA009-A",
			"manufacturerId": "0x0371",
			"productType": "0x0102", //US
			"productId": "0x0009",
			"firmwareVersion": {
				"min": "1.0",
				"max": "1.255"
			}
		}
	],
	"upgrades": [
		{
			"version": "12.1", //customized firmware version for older ZWA009 hardware to increase possible uses with faster thresolds
			"channel": "stable",
			//"region": "usa",
			"changelog": "Bug Fixes:\n* Lower parameter 4 minimum value to 30\n* Fix low battery % reporting\n* Change default threshold checks to 4 minutes",
			"files": [
				{
					"target": 0,
					"url": "https://aeotec.freshdesk.com/helpdesk/attachments/6138025992",
					"integrity": "sha256:128ea72f480961dc705920a973def8c4f4c0139f896cf7f8dc45a18a6665bfc6"
				}
			]
		}
	]
}
