{
	"devices": [
		{
			"brand": "Aeotec",
			"model": "ZWA012-A",
			"manufacturerId": "0x0371",
			"productType": "0x0102", //US
			"productId": "0x000c"
		}
	],
	"upgrades": [
		{
			"$if": "firmwareVersion >= 2.0 && firmwareVersion < 2.2",
			"version": "2.2",
			"channel": "stable",
			//"region": "usa",
			"changelog": "Bug Fixes:\n* Resolves wakeup report not being sent",
			"files": [
				{
					"target": 0,
					"url": "https://aeotec.freshdesk.com/helpdesk/attachments/6161763885",
					"integrity": "sha256:053dcce7711fed49e9743933e524eb9654b18e40f00de513fd9b79558a952869"
				}
			]
		}
	]
}
