{
	"devices": [
		{
			"brand": "Aeotec",
			"model": "ZWA023",
			"manufacturerId": "0x0371",
			"productType": "0x0103", //US
			"productId": "0x0017"
		}
	],
	"upgrades": [
		{
			"$if": "firmwareVersion < 1.3.2",
			"version": "1.3.2",
			"channel": "stable",
			//"region": "usa",
			"changelog": "Bug Fixes:\n*  Fixes issue with Color CC commands not processing when encapsulated by Supervisor",
			"files": [
				{
					"target": 0,
					"url": "https://aeotec.freshdesk.com/helpdesk/attachments/6200541808",
					"integrity": "sha256:12361a44d35ded6877db4616832625dfba1a87e4d0b8dbeb074b614ce38300dc"
				}
			]
		}
	]
}
