{
	"devices": [
		{
			"brand": "Aeotec",
			"model": "ZWA037",
			"manufacturerId": "0x0371",
			"productType": "0x0103", //US
			"productId": "0x0025"
		}
	],
	"upgrades": [
		{
			"$if": "firmwareVersion >= 1.0 && firmwareVersion < 1.11",
			"version": "1.11",
			"channel": "stable",
			//"region": "usa",
			"changelog": "Bug Fixes:\n* Additional settings for Parameter 83\n* Adds parameter lock (parameter 252)\n* Group 3, 5, 7, 9 affected by param 110/111\n* Fixes manual factory reset\n* Fixes slow dim issue\n* Support SPDT mode (parameter 120)",
			"files": [
				{
					"target": 0,
					"url": "https://aeotec.freshdesk.com/helpdesk/attachments/6168075367",
					"integrity": "sha256:7b36914b88cb6cf00857ea06302e15905a5c3d370b3f4d875f61368c561bd699"
				}
			]
		}
	]
}
