{
	"devices": [
		{
			"brand": "Honeywell",
			"model": "ZW3104 / 39336",
			"manufacturerId": "0x0039",
			"productType": "0x5044",
			"productId": "0x3038"
		}
	],
	"upgrades": [
		{
			"version": "5.25",
			"changelog": "1. Original Release Firmware",
			"url": "https://raw.githubusercontent.com/jascoproducts/firmware/9b5520f5056f7d3fce3fa6adc28bdaf27f8d0a68/zwave/Honeywell/ZW3104/39336%20-%20Plug-in%201-Outlet%20Smart%20Dimmer%2C%20500S/5.25/ZW3104_Honeywell_39336_5.25.hex",
			"integrity": "sha256:974dee8311a7b7cf4a1525a7e608a533348b210c9e25ae5410ac3529c6e2a2c5"
		}
	]
}
