{
	"devices": [
		{
			"brand": "Honeywell",
			"model": "ZW4008 / 39348",
			"manufacturerId": "0x0039",
			"productType": "0x4952",
			"productId": "0x3135"
		}
	],
	"upgrades": [
		{
			"version": "5.53",
			"changelog": "1. Original Release Firmware",
			"url": "https://raw.githubusercontent.com/jascoproducts/firmware/9b5520f5056f7d3fce3fa6adc28bdaf27f8d0a68/zwave/Honeywell/ZW4008/39348%20-%20In-Wall%20Smart%20Paddle%20Switch%2C%20Quick-fit%20Simple%20Wire%2C%20500S/5.53/ZW4008_Honeywell_39348_5.53.otz",
			"integrity": "sha256:df0e7d5b89ffb12eb4ce4159c5b523134e4298ee482f62d0a7f052c486a18d1e"
		}
	]
}
