{
	"devices": [
		{
			"brand": "Honeywell",
			"model": "ZW4201 / 39346",
			"manufacturerId": "0x0039",
			"productType": "0x4f50",
			"productId": "0x3032"
		}
	],
	"upgrades": [
		{
			"version": "5.21",
			"changelog": "1. Original Release Firmware",
			"url": "https://raw.githubusercontent.com/jascoproducts/firmware/9b5520f5056f7d3fce3fa6adc28bdaf27f8d0a68/zwave/Honeywell/ZW4201/39346%20-%20Plug-in%20Outdoor%20Smart%20Switch%2C%20500S/5.21/ZW4201_Honeywell_39346_5.21.hex",
			"integrity": "sha256:df5335c7d5585d83ebe93b768ddadb83a68f41c4fbdeb1f52d717f45445f7063"
		}
	]
}
