{
  "annotations": {
    "list": [
      {
        "builtIn": 1,
        "datasource": {
          "type": "datasource",
          "uid": "grafana"
        },
        "enable": true,
        "hide": true,
        "iconColor": "rgba(0, 211, 255, 1)",
        "name": "Annotations & Alerts",
        "type": "dashboard"
      }
    ]
  },
  "description": "A dashboard for the CoreDNS DNS server with updated metrics for version 1.7.0+.  Based on the CoreDNS dashboard by buhay.",
  "editable": true,
  "fiscalYearStartMonth": 0,
  "gnetId": 12539,
  "graphTooltip": 0,
  "id": 7,
  "links": [
    {
      "icon": "external link",
      "tags": [],
      "targetBlank": true,
      "title": "CoreDNS.io",
      "type": "link",
      "url": "https://coredns.io"
    }
  ],
  "liveNow": false,
  "panels": [
    {
      "datasource": {
        "uid": "$datasource"
      },
      "fieldConfig": {
        "defaults": {
          "color": {
            "mode": "palette-classic"
          },
          "custom": {
            "axisBorderShow": false,
            "axisCenteredZero": false,
            "axisColorMode": "text",
            "axisLabel": "",
            "axisPlacement": "auto",
            "barAlignment": 0,
            "drawStyle": "line",
            "fillOpacity": 10,
            "gradientMode": "none",
            "hideFrom": {
              "legend": false,
              "tooltip": false,
              "viz": false
            },
            "insertNulls": false,
            "lineInterpolation": "linear",
            "lineWidth": 2,
            "pointSize": 5,
            "scaleDistribution": {
              "type": "linear"
            },
            "showPoints": "never",
            "spanNulls": true,
            "stacking": {
              "group": "A",
              "mode": "normal"
            },
            "thresholdsStyle": {
              "mode": "off"
            }
          },
          "links": [],
          "mappings": [],
          "min": 0,
          "thresholds": {
            "mode": "absolute",
            "steps": [
              {
                "color": "green",
                "value": null
              },
              {
                "color": "red",
                "value": 80
              }
            ]
          },
          "unit": "pps",
          "unitScale": true
        },
        "overrides": []
      },
      "gridPos": {
        "h": 7,
        "w": 8,
        "x": 0,
        "y": 0
      },
      "id": 2,
      "links": [],
      "options": {
        "legend": {
          "calcs": [],
          "displayMode": "list",
          "placement": "bottom",
          "showLegend": true
        },
        "tooltip": {
          "mode": "multi",
          "sort": "desc"
        }
      },
      "pluginVersion": "10.3.3",
      "targets": [
        {
          "datasource": {
            "uid": "$datasource"
          },
          "expr": "sum(rate(coredns_dns_request_count_total{job=~\"$job\",cluster=~\"$cluster\",instance=~\"$instance\"}[5m])) by (proto) or\nsum(rate(coredns_dns_requests_total{job=~\"$job\",cluster=~\"$cluster\",instance=~\"$instance\"}[5m])) by (proto)",
          "format": "time_series",
          "interval": "",
          "intervalFactor": 2,
          "legendFormat": "{{ proto }}",
          "refId": "A",
          "step": 60
        }
      ],
      "title": "Requests (total)",
      "type": "timeseries"
    },
    {
      "datasource": {
        "uid": "$datasource"
      },
      "fieldConfig": {
        "defaults": {
          "color": {
            "mode": "palette-classic"
          },
          "custom": {
            "axisBorderShow": false,
            "axisCenteredZero": false,
            "axisColorMode": "text",
            "axisLabel": "",
            "axisPlacement": "auto",
            "barAlignment": 0,
            "drawStyle": "line",
            "fillOpacity": 10,
            "gradientMode": "none",
            "hideFrom": {
              "legend": false,
              "tooltip": false,
              "viz": false
            },
            "insertNulls": false,
            "lineInterpolation": "linear",
            "lineWidth": 2,
            "pointSize": 5,
            "scaleDistribution": {
              "type": "linear"
            },
            "showPoints": "never",
            "spanNulls": true,
            "stacking": {
              "group": "A",
              "mode": "normal"
            },
            "thresholdsStyle": {
              "mode": "off"
            }
          },
          "links": [],
          "mappings": [],
          "min": 0,
          "thresholds": {
            "mode": "absolute",
            "steps": [
              {
                "color": "green",
                "value": null
              },
              {
                "color": "red",
                "value": 80
              }
            ]
          },
          "unit": "pps",
          "unitScale": true
        },
        "overrides": []
      },
      "gridPos": {
        "h": 7,
        "w": 8,
        "x": 8,
        "y": 0
      },
      "id": 4,
      "links": [],
      "options": {
        "legend": {
          "calcs": [],
          "displayMode": "list",
          "placement": "bottom",
          "showLegend": true
        },
        "tooltip": {
          "mode": "multi",
          "sort": "desc"
        }
      },
      "pluginVersion": "10.3.3",
      "targets": [
        {
          "datasource": {
            "uid": "$datasource"
          },
          "expr": "sum(rate(coredns_dns_request_type_count_total{job=~\"$job\",cluster=~\"$cluster\",instance=~\"$instance\"}[5m])) by (type) or \nsum(rate(coredns_dns_requests_total{job=~\"$job\",cluster=~\"$cluster\",instance=~\"$instance\"}[5m])) by (type)",
          "interval": "",
          "intervalFactor": 2,
          "legendFormat": "{{ type }}",
          "refId": "A",
          "step": 60
        }
      ],
      "title": "Requests (by qtype)",
      "type": "timeseries"
    },
    {
      "datasource": {
        "uid": "$datasource"
      },
      "fieldConfig": {
        "defaults": {
          "color": {
            "mode": "palette-classic"
          },
          "custom": {
            "axisBorderShow": false,
            "axisCenteredZero": false,
            "axisColorMode": "text",
            "axisLabel": "",
            "axisPlacement": "auto",
            "barAlignment": 0,
            "drawStyle": "line",
            "fillOpacity": 10,
            "gradientMode": "none",
            "hideFrom": {
              "legend": false,
              "tooltip": false,
              "viz": false
            },
            "insertNulls": false,
            "lineInterpolation": "linear",
            "lineWidth": 2,
            "pointSize": 5,
            "scaleDistribution": {
              "type": "linear"
            },
            "showPoints": "never",
            "spanNulls": true,
            "stacking": {
              "group": "A",
              "mode": "normal"
            },
            "thresholdsStyle": {
              "mode": "off"
            }
          },
          "links": [],
          "mappings": [],
          "min": 0,
          "thresholds": {
            "mode": "absolute",
            "steps": [
              {
                "color": "green",
                "value": null
              },
              {
                "color": "red",
                "value": 80
              }
            ]
          },
          "unit": "pps",
          "unitScale": true
        },
        "overrides": []
      },
      "gridPos": {
        "h": 7,
        "w": 8,
        "x": 16,
        "y": 0
      },
      "id": 6,
      "links": [],
      "options": {
        "legend": {
          "calcs": [],
          "displayMode": "list",
          "placement": "bottom",
          "showLegend": true
        },
        "tooltip": {
          "mode": "multi",
          "sort": "desc"
        }
      },
      "pluginVersion": "10.3.3",
      "targets": [
        {
          "datasource": {
            "uid": "$datasource"
          },
          "expr": "sum(rate(coredns_dns_request_count_total{job=~\"$job\",cluster=~\"$cluster\",instance=~\"$instance\"}[5m])) by (zone) or\nsum(rate(coredns_dns_requests_total{job=~\"$job\",cluster=~\"$cluster\",instance=~\"$instance\"}[5m])) by (zone)",
          "interval": "",
          "intervalFactor": 2,
          "legendFormat": "{{ zone }}",
          "refId": "A",
          "step": 60
        }
      ],
      "title": "Requests (by zone)",
      "type": "timeseries"
    },
    {
      "datasource": {
        "uid": "$datasource"
      },
      "fieldConfig": {
        "defaults": {
          "color": {
            "mode": "palette-classic"
          },
          "custom": {
            "axisBorderShow": false,
            "axisCenteredZero": false,
            "axisColorMode": "text",
            "axisLabel": "",
            "axisPlacement": "auto",
            "barAlignment": 0,
            "drawStyle": "line",
            "fillOpacity": 10,
            "gradientMode": "none",
            "hideFrom": {
              "legend": false,
              "tooltip": false,
              "viz": false
            },
            "insertNulls": false,
            "lineInterpolation": "linear",
            "lineWidth": 2,
            "pointSize": 5,
            "scaleDistribution": {
              "type": "linear"
            },
            "showPoints": "never",
            "spanNulls": true,
            "stacking": {
              "group": "A",
              "mode": "none"
            },
            "thresholdsStyle": {
              "mode": "off"
            }
          },
          "links": [],
          "mappings": [],
          "min": 0,
          "thresholds": {
            "mode": "absolute",
            "steps": [
              {
                "color": "green",
                "value": null
              },
              {
                "color": "red",
                "value": 80
              }
            ]
          },
          "unit": "pps",
          "unitScale": true
        },
        "overrides": []
      },
      "gridPos": {
        "h": 7,
        "w": 12,
        "x": 0,
        "y": 7
      },
      "id": 8,
      "links": [],
      "options": {
        "legend": {
          "calcs": [],
          "displayMode": "list",
          "placement": "bottom",
          "showLegend": true
        },
        "tooltip": {
          "mode": "multi",
          "sort": "desc"
        }
      },
      "pluginVersion": "10.3.3",
      "targets": [
        {
          "datasource": {
            "uid": "$datasource"
          },
          "expr": "sum(rate(coredns_dns_request_do_count_total{job=~\"$job\",cluster=~\"$cluster\",instance=~\"$instance\"}[5m])) or\nsum(rate(coredns_dns_do_requests_total{job=~\"$job\",cluster=~\"$cluster\",instance=~\"$instance\"}[5m]))",
          "interval": "",
          "intervalFactor": 2,
          "legendFormat": "DO",
          "refId": "A",
          "step": 40
        },
        {
          "datasource": {
            "uid": "$datasource"
          },
          "expr": "sum(rate(coredns_dns_request_count_total{job=~\"$job\",cluster=~\"$cluster\",instance=~\"$instance\"}[5m])) or\nsum(rate(coredns_dns_requests_total{job=~\"$job\",cluster=~\"$cluster\",instance=~\"$instance\"}[5m]))",
          "interval": "",
          "intervalFactor": 2,
          "legendFormat": "total",
          "refId": "B",
          "step": 40
        }
      ],
      "title": "Requests (DO bit)",
      "type": "timeseries"
    },
    {
      "datasource": {
        "uid": "$datasource"
      },
      "fieldConfig": {
        "defaults": {
          "color": {
            "mode": "palette-classic"
          },
          "custom": {
            "axisBorderShow": false,
            "axisCenteredZero": false,
            "axisColorMode": "text",
            "axisLabel": "",
            "axisPlacement": "auto",
            "barAlignment": 0,
            "drawStyle": "line",
            "fillOpacity": 10,
            "gradientMode": "none",
            "hideFrom": {
              "legend": false,
              "tooltip": false,
              "viz": false
            },
            "insertNulls": false,
            "lineInterpolation": "linear",
            "lineWidth": 2,
            "pointSize": 5,
            "scaleDistribution": {
              "type": "linear"
            },
            "showPoints": "never",
            "spanNulls": true,
            "stacking": {
              "group": "A",
              "mode": "none"
            },
            "thresholdsStyle": {
              "mode": "off"
            }
          },
          "links": [],
          "mappings": [],
          "min": 0,
          "thresholds": {
            "mode": "absolute",
            "steps": [
              {
                "color": "green",
                "value": null
              },
              {
                "color": "red",
                "value": 80
              }
            ]
          },
          "unit": "bytes",
          "unitScale": true
        },
        "overrides": [
          {
            "matcher": {
              "id": "byName",
              "options": "tcp:90"
            },
            "properties": [
              {
                "id": "unit",
                "value": "short"
              }
            ]
          },
          {
            "matcher": {
              "id": "byName",
              "options": "tcp:99 "
            },
            "properties": [
              {
                "id": "unit",
                "value": "short"
              }
            ]
          },
          {
            "matcher": {
              "id": "byName",
              "options": "tcp:50"
            },
            "properties": [
              {
                "id": "unit",
                "value": "short"
              }
            ]
          }
        ]
      },
      "gridPos": {
        "h": 7,
        "w": 6,
        "x": 12,
        "y": 7
      },
      "id": 10,
      "links": [],
      "options": {
        "legend": {
          "calcs": [],
          "displayMode": "list",
          "placement": "bottom",
          "showLegend": true
        },
        "tooltip": {
          "mode": "multi",
          "sort": "none"
        }
      },
      "pluginVersion": "10.3.3",
      "targets": [
        {
          "datasource": {
            "uid": "$datasource"
          },
          "expr": "histogram_quantile(0.99, (sum(rate(coredns_dns_request_size_bytes{job=~\"$job\",cluster=~\"$cluster\",instance=~\"$instance\",proto=\"udp\"}[5m])) by (proto)) or (sum(rate(coredns_dns_request_size_bytes_bucket{job=~\"$job\",cluster=~\"$cluster\",instance=~\"$instance\",proto=\"udp\"}[5m])) by (le,proto)))",
          "interval": "",
          "intervalFactor": 2,
          "legendFormat": "{{ proto }}:99 ",
          "refId": "A",
          "step": 60
        },
        {
          "datasource": {
            "uid": "$datasource"
          },
          "expr": "histogram_quantile(0.90, (sum(rate(coredns_dns_request_size_bytes{job=~\"$job\",cluster=~\"$cluster\",instance=~\"$instance\",proto=\"udp\"}[5m])) by (proto)) or (sum(rate(coredns_dns_request_size_bytes_bucket{job=~\"$job\",cluster=~\"$cluster\",instance=~\"$instance\",proto=\"udp\"}[5m])) by (le,proto)))",
          "intervalFactor": 2,
          "legendFormat": "{{ proto }}:90",
          "refId": "B",
          "step": 60
        },
        {
          "datasource": {
            "uid": "$datasource"
          },
          "expr": "histogram_quantile(0.50, (sum(rate(coredns_dns_request_size_bytes{job=~\"$job\",cluster=~\"$cluster\",instance=~\"$instance\",proto=\"udp\"}[5m])) by (proto)) or (sum(rate(coredns_dns_request_size_bytes_bucket{job=~\"$job\",cluster=~\"$cluster\",instance=~\"$instance\",proto=\"udp\"}[5m])) by (le,proto)))",
          "intervalFactor": 2,
          "legendFormat": "{{ proto }}:50",
          "refId": "C",
          "step": 60
        }
      ],
      "title": "Requests (size, udp)",
      "type": "timeseries"
    },
    {
      "datasource": {
        "uid": "$datasource"
      },
      "fieldConfig": {
        "defaults": {
          "color": {
            "mode": "palette-classic"
          },
          "custom": {
            "axisBorderShow": false,
            "axisCenteredZero": false,
            "axisColorMode": "text",
            "axisLabel": "",
            "axisPlacement": "auto",
            "barAlignment": 0,
            "drawStyle": "line",
            "fillOpacity": 10,
            "gradientMode": "none",
            "hideFrom": {
              "legend": false,
              "tooltip": false,
              "viz": false
            },
            "insertNulls": false,
            "lineInterpolation": "linear",
            "lineWidth": 2,
            "pointSize": 5,
            "scaleDistribution": {
              "type": "linear"
            },
            "showPoints": "never",
            "spanNulls": true,
            "stacking": {
              "group": "A",
              "mode": "none"
            },
            "thresholdsStyle": {
              "mode": "off"
            }
          },
          "links": [],
          "mappings": [],
          "min": 0,
          "thresholds": {
            "mode": "absolute",
            "steps": [
              {
                "color": "green",
                "value": null
              },
              {
                "color": "red",
                "value": 80
              }
            ]
          },
          "unit": "bytes",
          "unitScale": true
        },
        "overrides": []
      },
      "gridPos": {
        "h": 7,
        "w": 6,
        "x": 18,
        "y": 7
      },
      "id": 12,
      "links": [],
      "options": {
        "legend": {
          "calcs": [],
          "displayMode": "list",
          "placement": "bottom",
          "showLegend": true
        },
        "tooltip": {
          "mode": "multi",
          "sort": "none"
        }
      },
      "pluginVersion": "10.3.3",
      "targets": [
        {
          "datasource": {
            "uid": "$datasource"
          },
          "expr": "histogram_quantile(0.99, (sum(rate(coredns_dns_request_size_bytes{job=~\"$job\",cluster=~\"$cluster\",instance=~\"$instance\",proto=\"tcp\"}[5m])) by (proto)) or (sum(rate(coredns_dns_request_size_bytes_bucket{job=~\"$job\",cluster=~\"$cluster\",instance=~\"$instance\",proto=\"tcp\"}[5m])) by (le,proto)))",
          "format": "time_series",
          "interval": "",
          "intervalFactor": 2,
          "legendFormat": "{{ proto }}:99 ",
          "refId": "A",
          "step": 60
        },
        {
          "datasource": {
            "uid": "$datasource"
          },
          "expr": "histogram_quantile(0.90, (sum(rate(coredns_dns_request_size_bytes{job=~\"$job\",cluster=~\"$cluster\",instance=~\"$instance\",proto=\"tcp\"}[5m])) by (proto)) or (sum(rate(coredns_dns_request_size_bytes_bucket{job=~\"$job\",cluster=~\"$cluster\",instance=~\"$instance\",proto=\"tcp\"}[5m])) by (le,proto)))",
          "format": "time_series",
          "interval": "",
          "intervalFactor": 2,
          "legendFormat": "{{ proto }}:90",
          "refId": "B",
          "step": 60
        },
        {
          "datasource": {
            "uid": "$datasource"
          },
          "expr": "histogram_quantile(0.50, (sum(rate(coredns_dns_request_size_bytes{job=~\"$job\",cluster=~\"$cluster\",instance=~\"$instance\",proto=\"tcp\"}[5m])) by (proto)) or (sum(rate(coredns_dns_request_size_bytes_bucket{job=~\"$job\",cluster=~\"$cluster\",instance=~\"$instance\",proto=\"tcp\"}[5m])) by (le,proto)))",
          "format": "time_series",
          "interval": "",
          "intervalFactor": 2,
          "legendFormat": "{{ proto }}:50",
          "refId": "C",
          "step": 60
        }
      ],
      "title": "Requests (size,tcp)",
      "type": "timeseries"
    },
    {
      "datasource": {
        "uid": "$datasource"
      },
      "fieldConfig": {
        "defaults": {
          "color": {
            "mode": "palette-classic"
          },
          "custom": {
            "axisBorderShow": false,
            "axisCenteredZero": false,
            "axisColorMode": "text",
            "axisLabel": "",
            "axisPlacement": "auto",
            "barAlignment": 0,
            "drawStyle": "line",
            "fillOpacity": 10,
            "gradientMode": "none",
            "hideFrom": {
              "legend": false,
              "tooltip": false,
              "viz": false
            },
            "insertNulls": false,
            "lineInterpolation": "linear",
            "lineWidth": 2,
            "pointSize": 5,
            "scaleDistribution": {
              "type": "linear"
            },
            "showPoints": "never",
            "spanNulls": true,
            "stacking": {
              "group": "A",
              "mode": "normal"
            },
            "thresholdsStyle": {
              "mode": "off"
            }
          },
          "links": [],
          "mappings": [],
          "min": 0,
          "thresholds": {
            "mode": "absolute",
            "steps": [
              {
                "color": "green",
                "value": null
              },
              {
                "color": "red",
                "value": 80
              }
            ]
          },
          "unit": "pps",
          "unitScale": true
        },
        "overrides": []
      },
      "gridPos": {
        "h": 7,
        "w": 12,
        "x": 0,
        "y": 14
      },
      "id": 14,
      "links": [],
      "options": {
        "legend": {
          "calcs": [],
          "displayMode": "list",
          "placement": "bottom",
          "showLegend": true
        },
        "tooltip": {
          "mode": "multi",
          "sort": "desc"
        }
      },
      "pluginVersion": "10.3.3",
      "targets": [
        {
          "datasource": {
            "uid": "$datasource"
          },
          "expr": "sum(rate(coredns_dns_response_rcode_count_total{job=~\"$job\",cluster=~\"$cluster\",instance=~\"$instance\"}[5m])) by (rcode) or\nsum(rate(coredns_dns_responses_total{job=~\"$job\",cluster=~\"$cluster\",instance=~\"$instance\"}[5m])) by (rcode)",
          "interval": "",
          "intervalFactor": 2,
          "legendFormat": "{{ rcode }}",
          "refId": "A",
          "step": 40
        }
      ],
      "title": "Responses (by rcode)",
      "type": "timeseries"
    },
    {
      "datasource": {
        "uid": "$datasource"
      },
      "fieldConfig": {
        "defaults": {
          "color": {
            "mode": "palette-classic"
          },
          "custom": {
            "axisBorderShow": false,
            "axisCenteredZero": false,
            "axisColorMode": "text",
            "axisLabel": "",
            "axisPlacement": "auto",
            "barAlignment": 0,
            "drawStyle": "line",
            "fillOpacity": 10,
            "gradientMode": "none",
            "hideFrom": {
              "legend": false,
              "tooltip": false,
              "viz": false
            },
            "insertNulls": false,
            "lineInterpolation": "linear",
            "lineWidth": 2,
            "pointSize": 5,
            "scaleDistribution": {
              "type": "linear"
            },
            "showPoints": "never",
            "spanNulls": true,
            "stacking": {
              "group": "A",
              "mode": "none"
            },
            "thresholdsStyle": {
              "mode": "off"
            }
          },
          "links": [],
          "mappings": [],
          "min": 0,
          "thresholds": {
            "mode": "absolute",
            "steps": [
              {
                "color": "green",
                "value": null
              },
              {
                "color": "red",
                "value": 80
              }
            ]
          },
          "unit": "s",
          "unitScale": true
        },
        "overrides": []
      },
      "gridPos": {
        "h": 7,
        "w": 12,
        "x": 12,
        "y": 14
      },
      "id": 32,
      "links": [],
      "options": {
        "legend": {
          "calcs": [],
          "displayMode": "list",
          "placement": "bottom",
          "showLegend": true
        },
        "tooltip": {
          "mode": "multi",
          "sort": "none"
        }
      },
      "pluginVersion": "10.3.3",
      "targets": [
        {
          "datasource": {
            "uid": "$datasource"
          },
          "expr": "histogram_quantile(0.99, (sum(rate(coredns_dns_request_duration_seconds{job=~\"$job\",cluster=~\"$cluster\",instance=~\"$instance\"}[5m])) by (job)) or (sum(rate(coredns_dns_request_duration_seconds_bucket{job=~\"$job\",cluster=~\"$cluster\",instance=~\"$instance\"}[5m])) by (le, job)))",
          "format": "time_series",
          "intervalFactor": 2,
          "legendFormat": "99%",
          "refId": "A",
          "step": 40
        },
        {
          "datasource": {
            "uid": "$datasource"
          },
          "expr": "histogram_quantile(0.90, (sum(rate(coredns_dns_request_duration_seconds{job=~\"$job\",cluster=~\"$cluster\",instance=~\"$instance\"}[5m])) by ()) or (sum(rate(coredns_dns_request_duration_seconds_bucket{job=~\"$job\",cluster=~\"$cluster\",instance=~\"$instance\"}[5m])) by (le)))",
          "format": "time_series",
          "intervalFactor": 2,
          "legendFormat": "90%",
          "refId": "B",
          "step": 40
        },
        {
          "datasource": {
            "uid": "$datasource"
          },
          "expr": "histogram_quantile(0.50, (sum(rate(coredns_dns_request_duration_seconds{job=~\"$job\",cluster=~\"$cluster\",instance=~\"$instance\"}[5m])) by ()) or (sum(rate(coredns_dns_request_duration_seconds_bucket{job=~\"$job\",cluster=~\"$cluster\",instance=~\"$instance\"}[5m])) by (le)))",
          "format": "time_series",
          "intervalFactor": 2,
          "legendFormat": "50%",
          "refId": "C",
          "step": 40
        }
      ],
      "title": "Responses (duration)",
      "type": "timeseries"
    },
    {
      "datasource": {
        "uid": "$datasource"
      },
      "fieldConfig": {
        "defaults": {
          "color": {
            "mode": "palette-classic"
          },
          "custom": {
            "axisBorderShow": false,
            "axisCenteredZero": false,
            "axisColorMode": "text",
            "axisLabel": "",
            "axisPlacement": "auto",
            "barAlignment": 0,
            "drawStyle": "line",
            "fillOpacity": 10,
            "gradientMode": "none",
            "hideFrom": {
              "legend": false,
              "tooltip": false,
              "viz": false
            },
            "insertNulls": false,
            "lineInterpolation": "linear",
            "lineWidth": 2,
            "pointSize": 5,
            "scaleDistribution": {
              "type": "linear"
            },
            "showPoints": "never",
            "spanNulls": true,
            "stacking": {
              "group": "A",
              "mode": "none"
            },
            "thresholdsStyle": {
              "mode": "off"
            }
          },
          "links": [],
          "mappings": [],
          "min": 0,
          "thresholds": {
            "mode": "absolute",
            "steps": [
              {
                "color": "green",
                "value": null
              },
              {
                "color": "red",
                "value": 80
              }
            ]
          },
          "unit": "bytes",
          "unitScale": true
        },
        "overrides": [
          {
            "matcher": {
              "id": "byName",
              "options": "tcp:50%"
            },
            "properties": [
              {
                "id": "unit",
                "value": "short"
              }
            ]
          },
          {
            "matcher": {
              "id": "byName",
              "options": "tcp:90%"
            },
            "properties": [
              {
                "id": "unit",
                "value": "short"
              }
            ]
          },
          {
            "matcher": {
              "id": "byName",
              "options": "tcp:99%"
            },
            "properties": [
              {
                "id": "unit",
                "value": "short"
              }
            ]
          }
        ]
      },
      "gridPos": {
        "h": 7,
        "w": 12,
        "x": 0,
        "y": 21
      },
      "id": 18,
      "links": [],
      "options": {
        "legend": {
          "calcs": [],
          "displayMode": "list",
          "placement": "bottom",
          "showLegend": true
        },
        "tooltip": {
          "mode": "multi",
          "sort": "none"
        }
      },
      "pluginVersion": "10.3.3",
      "targets": [
        {
          "datasource": {
            "uid": "$datasource"
          },
          "expr": "histogram_quantile(0.99, (sum(rate(coredns_dns_response_size_bytes{job=~\"$job\",cluster=~\"$cluster\",instance=~\"$instance\",proto=\"udp\"}[5m])) by (proto)) or (sum(rate(coredns_dns_response_size_bytes_bucket{job=~\"$job\",cluster=~\"$cluster\",instance=~\"$instance\",proto=\"udp\"}[5m])) by (le,proto))) ",
          "interval": "",
          "intervalFactor": 2,
          "legendFormat": "{{ proto }}:99%",
          "refId": "A",
          "step": 40
        },
        {
          "datasource": {
            "uid": "$datasource"
          },
          "expr": "histogram_quantile(0.90, (sum(rate(coredns_dns_response_size_bytes{job=~\"$job\",cluster=~\"$cluster\",instance=~\"$instance\",proto=\"udp\"}[5m])) by (proto)) or (sum(rate(coredns_dns_response_size_bytes_bucket{job=~\"$job\",cluster=~\"$cluster\",instance=~\"$instance\",proto=\"udp\"}[5m])) by (le,proto))) ",
          "interval": "",
          "intervalFactor": 2,
          "legendFormat": "{{ proto }}:90%",
          "refId": "B",
          "step": 40
        },
        {
          "datasource": {
            "uid": "$datasource"
          },
          "expr": "histogram_quantile(0.50, (sum(rate(coredns_dns_response_size_bytes{job=~\"$job\",cluster=~\"$cluster\",instance=~\"$instance\",proto=\"udp\"}[5m])) by (proto)) or (sum(rate(coredns_dns_response_size_bytes_bucket{job=~\"$job\",cluster=~\"$cluster\",instance=~\"$instance\",proto=\"udp\"}[5m])) by (le,proto))) ",
          "hide": false,
          "intervalFactor": 2,
          "legendFormat": "{{ proto }}:50%",
          "metric": "",
          "refId": "C",
          "step": 40
        }
      ],
      "title": "Responses (size, udp)",
      "type": "timeseries"
    },
    {
      "datasource": {
        "uid": "$datasource"
      },
      "fieldConfig": {
        "defaults": {
          "color": {
            "mode": "palette-classic"
          },
          "custom": {
            "axisBorderShow": false,
            "axisCenteredZero": false,
            "axisColorMode": "text",
            "axisLabel": "",
            "axisPlacement": "auto",
            "barAlignment": 0,
            "drawStyle": "line",
            "fillOpacity": 10,
            "gradientMode": "none",
            "hideFrom": {
              "legend": false,
              "tooltip": false,
              "viz": false
            },
            "insertNulls": false,
            "lineInterpolation": "linear",
            "lineWidth": 2,
            "pointSize": 5,
            "scaleDistribution": {
              "type": "linear"
            },
            "showPoints": "never",
            "spanNulls": true,
            "stacking": {
              "group": "A",
              "mode": "none"
            },
            "thresholdsStyle": {
              "mode": "off"
            }
          },
          "links": [],
          "mappings": [],
          "min": 0,
          "thresholds": {
            "mode": "absolute",
            "steps": [
              {
                "color": "green",
                "value": null
              },
              {
                "color": "red",
                "value": 80
              }
            ]
          },
          "unit": "bytes",
          "unitScale": true
        },
        "overrides": []
      },
      "gridPos": {
        "h": 7,
        "w": 12,
        "x": 12,
        "y": 21
      },
      "id": 20,
      "links": [],
      "options": {
        "legend": {
          "calcs": [],
          "displayMode": "list",
          "placement": "bottom",
          "showLegend": true
        },
        "tooltip": {
          "mode": "multi",
          "sort": "none"
        }
      },
      "pluginVersion": "10.3.3",
      "targets": [
        {
          "datasource": {
            "uid": "$datasource"
          },
          "expr": "histogram_quantile(0.99, (sum(rate(coredns_dns_response_size_bytes{job=~\"$job\",cluster=~\"$cluster\",instance=~\"$instance\",proto=\"tcp\"}[5m])) by (proto)) or (sum(rate(coredns_dns_response_size_bytes_bucket{job=~\"$job\",cluster=~\"$cluster\",instance=~\"$instance\",proto=\"tcp\"}[5m])) by (le,proto))) ",
          "format": "time_series",
          "intervalFactor": 2,
          "legendFormat": "{{ proto }}:99%",
          "refId": "A",
          "step": 40
        },
        {
          "datasource": {
            "uid": "$datasource"
          },
          "expr": "histogram_quantile(0.90, (sum(rate(coredns_dns_response_size_bytes{job=~\"$job\",cluster=~\"$cluster\",instance=~\"$instance\",proto=\"tcp\"}[5m])) by (proto)) or (sum(rate(coredns_dns_response_size_bytes_bucket{job=~\"$job\",cluster=~\"$cluster\",instance=~\"$instance\",proto=\"tcp\"}[5m])) by (le,proto))) ",
          "format": "time_series",
          "intervalFactor": 2,
          "legendFormat": "{{ proto }}:90%",
          "refId": "B",
          "step": 40
        },
        {
          "datasource": {
            "uid": "$datasource"
          },
          "expr": "histogram_quantile(0.50, (sum(rate(coredns_dns_response_size_bytes{job=~\"$job\",cluster=~\"$cluster\",instance=~\"$instance\",proto=\"tcp\"}[5m])) by (proto)) or (sum(rate(coredns_dns_response_size_bytes_bucket{job=~\"$job\",cluster=~\"$cluster\",instance=~\"$instance\",proto=\"tcp\"}[5m])) by (le,proto))) ",
          "format": "time_series",
          "intervalFactor": 2,
          "legendFormat": "{{ proto }}:50%",
          "metric": "",
          "refId": "C",
          "step": 40
        }
      ],
      "title": "Responses (size, tcp)",
      "type": "timeseries"
    },
    {
      "datasource": {
        "uid": "$datasource"
      },
      "fieldConfig": {
        "defaults": {
          "color": {
            "mode": "palette-classic"
          },
          "custom": {
            "axisBorderShow": false,
            "axisCenteredZero": false,
            "axisColorMode": "text",
            "axisLabel": "",
            "axisPlacement": "auto",
            "barAlignment": 0,
            "drawStyle": "line",
            "fillOpacity": 10,
            "gradientMode": "none",
            "hideFrom": {
              "legend": false,
              "tooltip": false,
              "viz": false
            },
            "insertNulls": false,
            "lineInterpolation": "linear",
            "lineWidth": 2,
            "pointSize": 5,
            "scaleDistribution": {
              "type": "linear"
            },
            "showPoints": "never",
            "spanNulls": true,
            "stacking": {
              "group": "A",
              "mode": "normal"
            },
            "thresholdsStyle": {
              "mode": "off"
            }
          },
          "links": [],
          "mappings": [],
          "min": 0,
          "thresholds": {
            "mode": "absolute",
            "steps": [
              {
                "color": "green",
                "value": null
              },
              {
                "color": "red",
                "value": 80
              }
            ]
          },
          "unit": "decbytes",
          "unitScale": true
        },
        "overrides": []
      },
      "gridPos": {
        "h": 7,
        "w": 12,
        "x": 0,
        "y": 28
      },
      "id": 22,
      "links": [],
      "options": {
        "legend": {
          "calcs": [],
          "displayMode": "list",
          "placement": "bottom",
          "showLegend": true
        },
        "tooltip": {
          "mode": "multi",
          "sort": "desc"
        }
      },
      "pluginVersion": "10.3.3",
      "targets": [
        {
          "datasource": {
            "uid": "$datasource"
          },
          "expr": "sum(coredns_cache_size{job=~\"$job\",cluster=~\"$cluster\",instance=~\"$instance\"}) by (type) or\nsum(coredns_cache_entries{job=~\"$job\",cluster=~\"$cluster\",instance=~\"$instance\"}) by (type)",
          "interval": "",
          "intervalFactor": 2,
          "legendFormat": "{{ type }}",
          "refId": "A",
          "step": 40
        }
      ],
      "title": "Cache (size)",
      "type": "timeseries"
    },
    {
      "datasource": {
        "uid": "$datasource"
      },
      "fieldConfig": {
        "defaults": {
          "color": {
            "mode": "palette-classic"
          },
          "custom": {
            "axisBorderShow": false,
            "axisCenteredZero": false,
            "axisColorMode": "text",
            "axisLabel": "",
            "axisPlacement": "auto",
            "barAlignment": 0,
            "drawStyle": "line",
            "fillOpacity": 10,
            "gradientMode": "none",
            "hideFrom": {
              "legend": false,
              "tooltip": false,
              "viz": false
            },
            "insertNulls": false,
            "lineInterpolation": "linear",
            "lineWidth": 2,
            "pointSize": 5,
            "scaleDistribution": {
              "type": "linear"
            },
            "showPoints": "never",
            "spanNulls": true,
            "stacking": {
              "group": "A",
              "mode": "normal"
            },
            "thresholdsStyle": {
              "mode": "off"
            }
          },
          "links": [],
          "mappings": [],
          "min": 0,
          "thresholds": {
            "mode": "absolute",
            "steps": [
              {
                "color": "green",
                "value": null
              },
              {
                "color": "red",
                "value": 80
              }
            ]
          },
          "unit": "pps",
          "unitScale": true
        },
        "overrides": []
      },
      "gridPos": {
        "h": 7,
        "w": 12,
        "x": 12,
        "y": 28
      },
      "id": 24,
      "links": [],
      "options": {
        "legend": {
          "calcs": [],
          "displayMode": "list",
          "placement": "bottom",
          "showLegend": true
        },
        "tooltip": {
          "mode": "multi",
          "sort": "desc"
        }
      },
      "pluginVersion": "10.3.3",
      "targets": [
        {
          "datasource": {
            "uid": "$datasource"
          },
          "expr": "sum(rate(coredns_cache_hits_total{job=~\"$job\",cluster=~\"$cluster\",instance=~\"$instance\"}[5m])) by (type)",
          "hide": false,
          "intervalFactor": 2,
          "legendFormat": "hits:{{ type }}",
          "refId": "A",
          "step": 40
        },
        {
          "datasource": {
            "uid": "$datasource"
          },
          "expr": "sum(rate(coredns_cache_misses_total{job=~\"$job\",cluster=~\"$cluster\",instance=~\"$instance\"}[5m])) by (type)",
          "hide": false,
          "intervalFactor": 2,
          "legendFormat": "misses",
          "refId": "B",
          "step": 40
        }
      ],
      "title": "Cache (hitrate)",
      "type": "timeseries"
    }
  ],
  "refresh": "10s",
  "schemaVersion": 39,
  "tags": [
    "dns",
    "coredns"
  ],
  "templating": {
    "list": [
      {
        "current": {},
        "hide": 0,
        "includeAll": false,
        "multi": false,
        "name": "datasource",
        "options": [],
        "query": "prometheus",
        "queryValue": "",
        "refresh": 1,
        "regex": "",
        "skipUrlSync": false,
        "type": "datasource"
      },
      {
        "allValue": ".*",
        "current": {
          "selected": false,
          "text": "All",
          "value": "$__all"
        },
        "datasource": {
          "type": "prometheus",
          "uid": "$datasource"
        },
        "definition": "label_values(coredns_dns_requests_total, cluster)",
        "hide": 0,
        "includeAll": true,
        "label": "Cluster",
        "multi": false,
        "name": "cluster",
        "options": [],
        "query": "label_values(coredns_dns_requests_total, cluster)",
        "refresh": 2,
        "regex": "",
        "skipUrlSync": false,
        "sort": 1,
        "tagValuesQuery": "",
        "tagsQuery": "",
        "type": "query",
        "useTags": false
      },
      {
        "allValue": ".*",
        "current": {
          "selected": false,
          "text": "All",
          "value": "$__all"
        },
        "datasource": {
          "type": "prometheus",
          "uid": "${datasource}"
        },
        "definition": "label_values(coredns_dns_requests_total{cluster=~\"$cluster\"},job)",
        "hide": 0,
        "includeAll": true,
        "label": "Job",
        "multi": false,
        "name": "job",
        "options": [],
        "query": {
          "qryType": 1,
          "query": "label_values(coredns_dns_requests_total{cluster=~\"$cluster\"},job)",
          "refId": "PrometheusVariableQueryEditor-VariableQuery"
        },
        "refresh": 2,
        "regex": "",
        "skipUrlSync": false,
        "sort": 1,
        "type": "query"
      },
      {
        "allValue": ".*",
        "current": {
          "selected": false,
          "text": "All",
          "value": "$__all"
        },
        "datasource": {
          "type": "prometheus",
          "uid": "$datasource"
        },
        "definition": "label_values(coredns_dns_requests_total{job=~\"$job\",cluster=~\"$cluster\"}, instance)",
        "hide": 0,
        "includeAll": true,
        "label": "Instance",
        "multi": false,
        "name": "instance",
        "options": [],
        "query": "label_values(coredns_dns_requests_total{job=~\"$job\",cluster=~\"$cluster\"}, instance)",
        "refresh": 2,
        "regex": "",
        "skipUrlSync": false,
        "sort": 3,
        "tagValuesQuery": "",
        "tagsQuery": "",
        "type": "query",
        "useTags": false
      }
    ]
  },
  "time": {
    "from": "now-3h",
    "to": "now"
  },
  "timepicker": {
    "refresh_intervals": [
      "10s",
      "30s",
      "1m",
      "5m",
      "15m",
      "30m",
      "1h",
      "2h",
      "1d"
    ]
  },
  "timezone": "utc",
  "title": "CoreDNS",
  "uid": "vkQ0UHxik",
  "version": 3,
  "weekStart": ""
}