{
  "scripts": [
    {
      "name": "Fortnite - Lexicon V7 Updated",
      "filename": "Fortnite_Lexicon_V7_updated.gpc",
      "category": "Fortnite"
    },
    {
      "name": "Fortnite - Secret Aim Private V2 Fixed Final",
      "filename": "SecretAimPrivateV2_FixedFinal.gpc",
      "category": "Fortnite"
    },
    {
      "name": "Valorant",
      "filename": "Valorant_Script.gpc",
      "category": "Valorant"
    },
    {
      "name": "Basketball legends script",
      "filename": "BBall_Legends.gpc",
      "category": "Roblox"
    },
    {
      "name": "Official scottish tryhard 6.0 v1.02 public",
      "filename": "Official_ScottishTryHard_6.0_v1.02_Public.gpc",
      "category": "Call of Duty"
    },
    {
      "name": "Pro aim predator v1.05",
      "filename": "OfficialPROAIMPREDATORv1.05_public.gpc",
      "category": "Call of Duty"
    },
    {
      "name": "Highwaters MW2 Script",
      "filename": "highwaters_mw2_script_public_2.gpc",
      "category": "Call of Duty"
    },
    {
      "name": "MW2 Outcast Zen Script",
      "filename": "Official_MW_CW_VANGUARD_WARZONE_MW2_OutCast_ZEN_Edition_v1.04.gpc",
      "category": "Call of Duty"
    },
    {
      "name": "empathy 223",
      "filename": "empathy_223.gpc",
      "category": "PubG"
    },
    {
      "name": "Zeitgeist 115",
      "filename": "zeitgeist_115.gpc",
      "category": "Call of Duty"
    },
    {
      "name": "Evilbot (Playstation)",
      "filename": "EvilBot_playstation.gpc",
      "category": "Call of Duty"
    },
    {
      "name": "Grave hunter \"Hunter Edition\"",
      "filename": "GRAVE_HUNTER_HUNTER_EDITION.gpc",
      "category": "Call of Duty"
    },
    {
      "name": "MW3 AFK script",
      "filename": "AFK_Script_FPS_GAMES.gpc",
      "category": "Call of Duty"
    },
    {
      "name": "FZN Premium yew script",
      "filename": "FZN_premium_script_.gpc",
      "category": "Fortnite"
    },
    {
      "name": "Eternal - Yew scripts",
      "filename": "Eternal_Script.gpc",
      "category": "Fortnite"
    },
    {
      "name": "Prodigy - yew scripts",
      "filename": "Prodigy_by_Yewscripts_1.gpc",
      "category": "Fortnite"
    },
    {
      "name": "Pro fortnite - Yew scripts",
      "filename": "Pro_Fortnite_Script_by_Yewscripts_2_1.gpc",
      "category": "Fortnite"
    },
    {
      "name": "Fortnite Grand Master - Yew scripts",
      "filename": "Fortnite_Grand-Master_Script_by_YewScripts_5_1.gpc",
      "category": "Fortnite"
    },
    {
      "name": "Fortnite baasic script - Yew scripts",
      "filename": "Fortnite_Basic_Script_by_YewScripts_1_1.gpc",
      "category": "Fortnite"
    },
    {
      "name": "Yewscripts Beginner - v6_1",
      "filename": "YewScripts_Beginner_V6_1.gpc",
      "category": "Fortnite"
    },
    {
      "name": "Yewscripts beginner - V6",
      "filename": "YewScripts_Beginner_V6.gpc",
      "category": "Fortnite"
    },
    {
      "name": "Pro fortnite - Yew scripts (latest I think)",
      "filename": "Pro_Fortnite_Script_by_Yewscripts_1.gpc",
      "category": "Fortnite"
    },
    {
      "name": "Fortnite grandmaster - Yewscripts 5.2.1",
      "filename": "Fortnite_Grand-Master_Script_by_YewScripts_5_2_1.gpc",
      "category": "Fortnite"
    },
    {
      "name": "Fortnite grandmaster - Yewscripts 5.2",
      "filename": "Fortnite_Grand-Master_Script_by_YewScripts_5_2.gpc",
      "category": "Fortnite"
    },
    {
      "name": "Yewchampion?!?!",
      "filename": "YEWCHAMPIONEDITEDBYMAKSOE69.GPC.gpc",
      "category": "Fortnite"
    },
    {
      "name": "Emporer - Yewscripts",
      "filename": "Emperor_-_YewScripts.gpc",
      "category": "Fortnite"
    },
    {
      "name": "King - Yewscripts",
      "filename": "King_-_YewScripts_1.gpc",
      "category": "Fortnite"
    },
    {
      "name": "Eternal - Yewscripts v2",
      "filename": "Eternal_-_YewScripts_V2.gpc",
      "category": "Fortnite"
    },
    {
      "name": "Pro fortnite - Yewscripts v2",
      "filename": "Pro_Fortnite_Script_by_Yewscripts_2.gpc",
      "category": "Fortnite"
    },
    {
      "name": "YewifySecret - Yewscripts",
      "filename": "YewifySecret.gpc",
      "category": "Fortnite"
    },
    {
      "name": "YewWorks Master3 Exponential - Yewscripts",
      "filename": "YewWorks_master_exponential.gpc",
      "category": "Fortnite"
    },
    {
      "name": "Champion v2 - Yewscripts",
      "filename": "Champion_V2_NEW_1.gpc",
      "category": "Fortnite"
    },
    {
      "name": "CZA Ultimate scripts",
      "filename": "CZA_ULTIMATE_SCRIPT_ORDER_2.gpc",
      "category": "Apex Legends"
    },
    {
      "name": "Warlord - Yewscripts",
      "filename": "Warlord.gpc",
      "category": "Fortnite"
    },
    {
      "name": "Predator aim v2",
      "filename": "PREDATOR_AIM_V2_1.gpc",
      "category": "Apex Legends"
    },
    {
      "name": "highwaters apex script v5.0",
      "filename": "highwaters_apex_script_v5.0_updated.gpc",
      "category": "Apex Legends"
    },
    {
      "name": "Floatys Revenge 9.2 - Zenmaster",
      "filename": "FLOATYS_REVENGE_9.2.gpc",
      "category": "Apex Legends"
    },
    {
      "name": "Aimlock V10 - Zenmaster",
      "filename": "AIMLOCK_V10_1_2.gpc",
      "category": "Call of Duty"
    },
    {
      "name": "FPS Killer - Zenmaster",
      "filename": "FPS_KILLER_1.0-2.gpc",
      "category": "Call of Duty"
    },
    {
      "name": "Custom Zenshot Rebirth Island update - Zenmaster",
      "filename": "CUSTOM_ZENSHOT_REBIRTH_UPDATE.gpc",
      "category": "Call of Duty"
    },
    {
      "name": "Zenshot 9.4 - Zenmaster",
      "filename": "ZENSHOT_9.4.gpc",
      "category": "Call of Duty"
    },
    {
      "name": "Santa aim V1 - Lethalpanda",
      "filename": "SANTA_V1_PS.gpc",
      "category": "Call of Duty"
    },
    {
      "name": "Hippo v1 (PS) - LethalPanda",
      "filename": "Hippo_V1_PS.gpc",
      "category": "Call of Duty"
    },
    {
      "name": "Snake aim - LethalPanda",
      "filename": "SnakeAimCobra_1.gpc",
      "category": "Apex Legends"
    },
    {
      "name": "Falcon v1 PS - lethalpanda",
      "filename": "Falcon_V1_PS.gpc",
      "category": "Call of Duty"
    },
    {
      "name": "Apex legends predator v2",
      "filename": "Apex_Legends_predator_zen_Stolen_By_xxpoligonerax_season_10_v2.gpc",
      "category": "Apex Legends"
    },
    {
      "name": "Apex Legends predator season 12 0.6",
      "filename": "EASYCronusZen_Apex_Legends_predator__season_12v_0.6_xxpoligoneraxDEV-EASY_USERS_Cronusmax.gpc",
      "category": "Apex Legends"
    },
    {
      "name": "Warzone V3 2.0 - auxscripts",
      "filename": "Aux_WARZONE_V3_2.0_auxscripts-leakedbyGTFR_2.gpc",
      "category": "Call of Duty"
    },
    {
      "name": "Auxscript Private Edition ps5",
      "filename": "Auxzcript_Private_EditionPS5.gpc",
      "category": "Call of Duty"
    },
    {
      "name": "Welsh Arab Pro script",
      "filename": "Welsh_Arab_Pro_script_1.gpc",
      "category": "Fortnite"
    },
    {
      "name": "Console Arab Private",
      "filename": "ConsoleArabPrivate.gpc",
      "category": "Fortnite"
    },
    {
      "name": "Arabsuprm??",
      "filename": "arabsuprm.gpc",
      "category": "Fortnite"
    },
    {
      "name": "Arab Skilled",
      "filename": "ArabSkilled_1.gpc",
      "category": "Fortnite"
    },
    {
      "name": "Arab 200 Dollar",
      "filename": "Arab_200_Dollar_2.gpc",
      "category": "Fortnite"
    },
    {
      "name": "Scraps Mastery v2",
      "filename": "Scraps_Mastery_V2.gpc",
      "category": "Fortnite"
    },
    {
      "name": "Scraps Final Script",
      "filename": "Scraps_Final_Script.gpc",
      "category": "Fortnite"
    },
    {
      "name": "Scraps Custom ZaZa",
      "filename": "Scraps_Custom_ZaZa.gpc",
      "category": "Fortnite"
    },
    {
      "name": "Scrap Psycho V1",
      "filename": "Scrap-Psycho_V1.gpc",
      "category": "Fortnite"
    },
    {
      "name": "Scraps Expo Update",
      "filename": "Scraps-Expo_Update.gpc",
      "category": "Fortnite"
    },
    {
      "name": "ScrapQQ cracked",
      "filename": "ScrapQQ_Cracked.gpc",
      "category": "Fortnite"
    },
    {
      "name": "Jigsaw MW3",
      "filename": "JigSaw_MW3.gpc",
      "category": "Call of Duty"
    },
    {
      "name": "Saw - Fortnite",
      "filename": "Saw_Fortnite.gpc",
      "category": "Fortnite"
    },
    {
      "name": "Fortnite LCS Script v21",
      "filename": "Fortnite_LCS_Script_V21_Consoles.gpc",
      "category": "Fortnite"
    },
    {
      "name": "SecretAimPremium (v1 I think)",
      "filename": "SecretAimPremium.gpc",
      "category": "Fortnite"
    },
    {
      "name": "Dyoxv2",
      "filename": "Dyoxv2.gpc",
      "category": "Fortnite"
    },
    {
      "name": "ronin fury most updated",
      "filename": "1_Profile_Ronin_Fury_1.gpc",
      "category": "Call of Duty"
    },
    {
      "name": "Arabsupreme idk",
      "filename": "arabsuprm_1.gpc",
      "category": "Fortnite"
    },
    {
      "name": "penis_assist_V1 [FREE]",
      "filename": "Dogz_polar_assist_11.gpc",
      "category": "Fortnite"
    },
    {
      "name": "Veriatas 9.2.3 Attackers",
      "filename": "VeritasR6Attakers_9.2.3.gpc",
      "category": "Rainbow Six Siege"
    },
    {
      "name": "Veritas 9.2.3 Defenders",
      "filename": "VeritasR6Defenders_9.2.3.gpc",
      "category": "Rainbow Six Siege"
    },
    {
      "name": "Silent aim pro Linear - ExploitYT",
      "filename": "Fortnite_SilentAimPro_Linear_CreatedbyExploitYT.gpc",
      "category": "Fortnite"
    },
    {
      "name": "EXSC FREE V1",
      "filename": "EXSC_FREE_V1.gpc",
      "category": "Fortnite"
    },
    {
      "name": "Apollo 100",
      "filename": "apollo_100.gpc",
      "category": "Fortnite"
    },
    {
      "name": "IshaanAim V1.1",
      "filename": "IshaanAimV1.1.gpc",
      "category": "Fortnite"
    },
    {
      "name": "Cronus Crew Fortnite",
      "filename": "CronusCrewFORTNITE.gpc",
      "category": "Fortnite"
    },
    {
      "name": "dhruvski??",
      "filename": "dhruvski.gpc",
      "category": "Fortnite"
    },
    {
      "name": "PILHR?",
      "filename": "PILHR.gpc",
      "category": "Fortnite"
    },
    {
      "name": "SS Nikolai Fortnite v4.4",
      "filename": "SS_Nikolai_Fortnite_Script_V4.4.gpc",
      "category": "Fortnite"
    },
    {
      "name": "Demonic Revenge",
      "filename": "Demonic.revenge.v1.gpc",
      "category": "Fortnite"
    },
    {
      "name": "Thunder Aim Expert",
      "filename": "thunderaimexpert.gpc",
      "category": "Fortnite"
    },
    {
      "name": "Secret aim master",
      "filename": "SecretAimMaster.gpc",
      "category": "Fortnite"
    },
    {
      "name": "UFC 4 dro?",
      "filename": "UFC_4_Dro_2.gpc",
      "category": "UFC"
    },
    {
      "name": "Mawk Script",
      "filename": "Mawk_script_2_2.gpc",
      "category": "UFC"
    },
    {
      "name": "ps4 ufc combo shortcut",
      "filename": "ps4ufc_combo_short_cut_2.gpc",
      "category": "UFC"
    },
    {
      "name": "Highwaters Script v6",
      "filename": "highwaters-apex-script-v6.gpc",
      "category": "Apex Legends"
    },
    {
      "name": "Rust code raid V2.0",
      "filename": "Rust-Code-Raid-V2.0.gpc",
      "category": "Rust"
    },
    {
      "name": "Pedros Nightmare v5.3",
      "filename": "Pedros_Nightmare_V5.3.gpc",
      "category": "Rust"
    },
    {
      "name": "Rust Farming v10(.1.0)",
      "filename": "RustFarmingv10_1_0.gpc",
      "category": "Rust"
    },
    {
      "name": "32bit Pedros Nightmare 4.0",
      "filename": "32_Bit_Pedros_Nightmare_4.0.gpc",
      "category": "Rust"
    },
    {
      "name": "Pedros Purgatory V1",
      "filename": "Rust_Pedros_Purgatory_V1.gpc",
      "category": "Rust"
    },
    {
      "name": "Weepings Revenge v1",
      "filename": "Weepings_Revenge_V1.0.gpc",
      "category": "Rust"
    },
    {
      "name": "Pedros Purgatory v1.3",
      "filename": "Pedros_Purgatory_V1.3.gpc",
      "category": "Rust"
    },
    {
      "name": "Beam free one",
      "filename": "BEAM.gpc",
      "category": "Fortnite"
    },
    {
      "name": "Cronus Man is Goated (free)",
      "filename": "CRONUS_MAN_IS_GOATED.gpc",
      "category": "Fortnite"
    },
    {
      "name": "DayZ Personal Script",
      "filename": "DAYZ_SCRIPT_xXSkyWalkerXx1s_personal_script.gpc",
      "category": "Day Z"
    },
    {
      "name": "Overwatch 2 Adara V1.6",
      "filename": "Overwatch_2_Adara_v1.6.gpc",
      "category": "Overwatch Series"
    },
    {
      "name": "Overwatch 2 adara v1.6",
      "filename": "Overwatch 2 adara v1.6",
      "category": "Overwatch Series"
    },
    {
      "name": "elden_ring_afk_farm_2_2",
      "filename": "elden_ring_afk_farm_2_2",
      "category": "Elden Ring"
    },
    {
      "name": "Grand Turismo sport afk credit xp autogrind 1.0",
      "filename": "Grand Turismo sport afk credit xp autogrind 1.0",
      "category": "Gran Turismo series"
    },
    {
      "name": "Dead By Daylight script",
      "filename": "Dead By Daylight script",
      "category": "Dead By Daylight"
    },
    {
      "name": "Dead By Daylight script",
      "filename": "Requests/Dead By Daylight script",
      "category": "Dead By Daylight"
    },
    {
      "name": "Dead By Daylight script",
      "filename": "Dead By Daylight script",
      "category": "Dead By Daylight"
    }
  ]
}